author_id,item_id,item_url,title,authors,certificate_or_type,journal_name,journal_url,issue,issue_url
707733,88919190,https://elibrary.ru/item.asp?id=88919190,ПРОГРАММА ДЛЯ УПРАВЛЕНИЯ КОМПЛЕКСОМ ДАТЧИКОВ УСТРОЙСТВА «ИЗМЕРИТЕЛЬ ГЕОМЕТРИЧЕСКИХ ХАРАКТЕРИСТИК ОБЪЕКТОВ ГОРОДСКОЙ ИНФРАСТРУКТУРЫ»,"Бугаков П.Ю., Колесников А.А., Батырова К.С., Головачев Н.С.","1. Свидетельство о регистрации программы для ЭВМ RU 2026610667, 15.01.2026. Заявка № 2025697775 от 29.12.2025.",,,,
707733,91607476,https://elibrary.ru/item.asp?id=91607476,АНАЛИЗ МЕТОДОВ ИНТЕРПРЕТАЦИИ МОДЕЛЕЙ КОМПЬЮТЕРНОГО ЗРЕНИЯ ПРИ ПОСТРОЕНИИ КОНТУРОВ УЧАСТКОВ ОТКРЫТЫХ ГОРНЫХ РАБОТ,"Колесников А.А., Резник А.В., Белослудцева А.А., Гаврилов В.Л., Медведева К.Е.",2. Физико-технические проблемы разработки полезных ископаемых . 2026. № 2 . С. 143-156.,Физико-технические проблемы разработки полезных ископаемых,https://elibrary.ru/contents.asp?id=91607462,№ 2,https://elibrary.ru/contents.asp?id=91607462&selid=91607476
707733,89002354,https://elibrary.ru/item.asp?id=89002354,МЕТОДЫ СБОРА И АКТУАЛИЗАЦИИ МНОГОМЕРНЫХ ДАННЫХ ДЛЯ ЦЕЛЕЙ СОЗДАНИЯ ГЕОИНФОРМАЦИОННОЙ СИСТЕМЫ ДОСТУПНОСТИ ГОРОДСКОЙ ИНФРАСТРУКТУРЫ,"Головачев Н.С., Бугаков П.Ю., Колесников А.А.",3. Вестник СГУГиТ (Сибирского государственного университета геосистем и технологий) . 2026. Т. 31. № 1 . С. 72-82.,Вестник СГУГиТ (Сибирского государственного университета геосистем и технологий),https://elibrary.ru/contents.asp?id=89002347,№ 1,https://elibrary.ru/contents.asp?id=89002347&selid=89002354
707733,89334572,https://elibrary.ru/item.asp?id=89334572,МЕТОДОЛОГИЧЕСКИЕ АСПЕКТЫ ИСПОЛЬЗОВАНИЯ ИСКУССТВЕННОГО ИНТЕЛЛЕКТА В КАРТОГРАФИИ,"Колесников А.А., Лисицкий Д.В., Пошивайло Я.Г., Янкелевич С.С.",4. Вестник СГУГиТ (Сибирского государственного университета геосистем и технологий) . 2026. Т. 31. № 2 . С. 75-87.,Вестник СГУГиТ (Сибирского государственного университета геосистем и технологий),https://elibrary.ru/contents.asp?id=89334564,№ 2,https://elibrary.ru/contents.asp?id=89334564&selid=89334572
707733,91608799,https://elibrary.ru/item.asp?id=91608799,ПРОГНОЗИРОВАНИЕ УРОЖАЙНОСТИ КУКУРУЗЫ МЕТОДАМИ МАШИННОГО ОБУЧЕНИЯ НА ОСНОВЕ РЕЗУЛЬТАТОВ ГЕОИНФОРМАЦИОННОГО АНАЛИЗА ТВЕРДОСТИ ПОЧВЫ,"Колесников А.А., Яковлев Д.А., Пошивайло Я.Г., Иванов Н.М., Костич М., Брычева А.В., Бамбух Д.В.",5. Известия Томского политехнического университета. Инжиниринг георесурсов . 2026. Т. 337. № 5 . С. 21-35.,Известия Томского политехнического университета. Инжиниринг георесурсов,https://elibrary.ru/contents.asp?id=91608796,№ 5,https://elibrary.ru/contents.asp?id=91608796&selid=91608799
707733,84122014,https://elibrary.ru/item.asp?id=84122014,БАЗА ДАННЫХ МАТЕРИАЛОВ ТРАВЕЛОГОВ ДЛЯ РЕПРЕЗЕНТАЦИИ ПРОСТРАНСТВА УКРАИНЫ В РУССКОЙ КУЛЬТУРЕ КОНЦА XVIII – XIX ВЕКОВ,"Алексеев П.В., Жданов С.С., Колесников А.А.","6. Свидетельство о регистрации базы данных RU 2025625201, 17.11.2025. Заявка № 2025624936 от 07.11.2025.",,,,
707733,84126766,https://elibrary.ru/item.asp?id=84126766,ПРОГРАММА ДЛЯ АВТОМАТИЧЕСКОГО ФОРМИРОВАНИЯ WEB-КАРТЫ НА ОСНОВЕ ТЕКСТОВЫХ МАТЕРИАЛОВ ТРАВЕЛОГОВ,"Жданов С.С., Колесников А.А.","7. Свидетельство о регистрации программы для ЭВМ RU 2025690407, 07.11.2025. Заявка № 2025690024 от 07.11.2025.",,,,
707733,84126767,https://elibrary.ru/item.asp?id=84126767,ПРОГРАММА ДЛЯ ФОРМИРОВАНИЯ И ИСПОЛЬЗОВАНИЯ БАЗЫ ЗНАНИЙ МАТЕРИАЛОВ ТРАВЕЛОГОВ,"Жданов С.С., Колесников А.А.","8. Свидетельство о регистрации программы для ЭВМ RU 2025690408, 07.11.2025. Заявка № 2025690025 от 07.11.2025.",,,,
707733,87699251,https://elibrary.ru/item.asp?id=87699251,ГЕОПРОСТРАНСТВЕННАЯ БАЗА ДАННЫХ КОМПЛЕКСНОГО ГЕОДЕЗИЧЕСКОГО МОНИТОРИНГА,"Казанцева В.В., Косарев Н.С., Колесников А.А.","9. Свидетельство о регистрации базы данных RU 2025625538, 27.11.2025. Заявка № 2025625133 от 13.11.2025.",,,,
707733,87699798,https://elibrary.ru/item.asp?id=87699798,"БАЗА ДАННЫХ ХАРАКТЕРИСТИК ОБЪЕКТОВ, ЯВЛЯЮЩИХСЯ ПРЕПЯТСТВИЯМИ ПРИ ПОСТРОЕНИИ ОПТИМАЛЬНЫХ МАРШРУТОВ ПЕРЕДВИЖЕНИЯ МАЛОМОБИЛЬНЫХ ГРУПП НАСЕЛЕНИЯ","Бугаков П.Ю., Колесников А.А., Батырова К.С., Головачев Н.С.","10. Свидетельство о регистрации базы данных RU 2025625901, 09.12.2025. Заявка № 2025625425 от 01.12.2025.",,,,
707733,87700202,https://elibrary.ru/item.asp?id=87700202,ПОПУТНЫЕ КОМПОНЕНТЫ В УГОЛЬНЫХ МЕСТОРОЖДЕНИЯХ ЮЖНОЙ ЯКУТИИ,"Резник А.В., Медведева К.Е., Колесников А.А., Гаврилов В.Л., Немова Н.А.","11. Свидетельство о регистрации базы данных RU 2025626161, 16.12.2025. Заявка № 2025625783 от 08.12.2025.",,,,
707733,87703566,https://elibrary.ru/item.asp?id=87703566,МОДУЛЬ QGIS ДЛЯ АВТОМАТИЗАЦИИ МОНИТОРИНГА МЕСТ ОТКРЫТОЙ ДОБЫЧИ ПОЛЕЗНЫХ ИСКОПАЕМЫХ НА ОСНОВЕ ДАННЫХ ДИСТАНЦИОННОГО ЗОНДИРОВАНИЯ,"Резник А.В., Колесников А.А.","12. Свидетельство о регистрации программы для ЭВМ RU 2025694703, 08.12.2025. Заявка № 2025693533 от 01.12.2025.",,,,
707733,82993674,https://elibrary.ru/item.asp?id=82993674,ИСПОЛЬЗОВАНИЕ БОЛЬШИХ ЯЗЫКОВЫХ МОДЕЛЕЙ ДЛЯ АВТОМАТИЗАЦИИ КООРДИНИРОВАНИЯ ОБЪЕКТОВ ТРАВЕЛОГОВ,"Колесников А.А., Жданов С.С.","13. В сборнике: Обработка пространственных данных в задачах мониторинга природных и антропогенных процессов (SDM-2025). Сборник трудов X Всероссийской конференции с международным участием, посвященной памяти академика Ю.И. Шокина. Новосибирск, 2025. С. 102-104.",,,,
707733,82993684,https://elibrary.ru/item.asp?id=82993684,РАЗРАБОТКА ПОДХОДА К РАНЖИРОВАНИЮ ТЕХНОГЕННО НАРУШЕННЫХ УЧАСТКОВ И ОЦЕНКА ВОЗМОЖНОСТИ ВКЛЮЧЕНИЯ ИХ В ГРАДОСТРОИТЕЛЬНЫЙ ОБОРОТ,"Немова Н.А., Колесников А.А.","14. В сборнике: Обработка пространственных данных в задачах мониторинга природных и антропогенных процессов (SDM-2025). Сборник трудов X Всероссийской конференции с международным участием, посвященной памяти академика Ю.И. Шокина. Новосибирск, 2025. С. 126-128.",,,,
707733,82993697,https://elibrary.ru/item.asp?id=82993697,ТЕХНИЧЕСКИЕ РЕШЕНИЯ ПО АВТОМАТИЗАЦИИ МОНИТОРИНГА ТЕХНОГЕННО НАРУШЕННЫХ ЗЕМЕЛЬ,"Резник А.В., Колесников А.А., Белослудцева А.А.","15. В сборнике: Обработка пространственных данных в задачах мониторинга природных и антропогенных процессов (SDM-2025). Сборник трудов X Всероссийской конференции с международным участием, посвященной памяти академика Ю.И. Шокина. Новосибирск, 2025. С. 169-171.",,,,
707733,82993704,https://elibrary.ru/item.asp?id=82993704,СТРУКТУРНЫЙ АНАЛИЗ СЕЛЬСКОХОЗЯЙСТВЕННЫХ УГОДИЙ И ПОСТРОЕНИЕ МОДЕЛЕЙ УРОЖАЙНОСТИ КУКУРУЗЫ НА ОСНОВЕ ЗНАЧЕНИЙ ТВЕРДОСТИ ПОЧВЫ,"Яковлев Д.А., Пошивайло Я.Г., Иванов Н.М., Колесников А.А.","16. В сборнике: Обработка пространственных данных в задачах мониторинга природных и антропогенных процессов (SDM-2025). Сборник трудов X Всероссийской конференции с международным участием, посвященной памяти академика Ю.И. Шокина. Новосибирск, 2025. С. 195-197.",,,,
707733,82993661,https://elibrary.ru/item.asp?id=82993661,ПОСТРОЕНИЕ РАСПРЕДЕЛЕННЫХ МОДЕЛЕЙ МАШИННОГО ОБУЧЕНИЯ НА ОСНОВЕ ПРОСТРАНСТВЕННЫХ ДАННЫХ,"Воронкин Е.Ю., Кикин П.М., Колесников А.А., Шарыпаев П.С.","17. В сборнике: Обработка пространственных данных в задачах мониторинга природных и антропогенных процессов (SDM-2025). Сборник трудов X Всероссийской конференции с международным участием, посвященной памяти академика Ю.И. Шокина. Новосибирск, 2025. С. 58-59.",,,,
707733,88846563,https://elibrary.ru/item.asp?id=88846563,АВТОМАТИЗИРОВАННЫЙ ДИСТАНЦИОННЫЙ МОНИТОРИНГ ТЕХНОГЕННО ИЗМЕНЕННЫХ ТЕРРИТОРИЙ С ИСПОЛЬЗОВАНИЕМ МЕТОДОВ МАШИННОГО ОБУЧЕНИЯ,"Колесников А.А., Косарев Н.С., Резник А.В., Немова Н.А.",18. Геодезия и картография . 2025. Т. 86. № 12 . С. 29-37.,Геодезия и картография,https://elibrary.ru/contents.asp?id=88846559,№ 12,https://elibrary.ru/contents.asp?id=88846559&selid=88846563
707733,82422200,https://elibrary.ru/item.asp?id=82422200,ИСПОЛЬЗОВАНИЕ ТЕХНОЛОГИЙ ОБРАБОТКИ ЕСТЕСТВЕННОГО ЯЗЫКА ДЛЯ АВТОМАТИЗАЦИИ КООРДИНИРОВАНИЯ ОБЪЕКТОВ ИЗ ТРАВЕЛОГОВ,"Колесников А.А., Жданов С.С.",19. Геодезия и картография . 2025. Т. 86. № 5 . С. 9-15.,Геодезия и картография,https://elibrary.ru/contents.asp?id=82422198,№ 5,https://elibrary.ru/contents.asp?id=82422198&selid=82422200
707733,86969642,https://elibrary.ru/item.asp?id=86969642,МЕТОДИЧЕСКИЕ ОСНОВЫ РАЗРАБОТКИ ГЕОИНФОРМАЦИОННОЙ СИСТЕМЫ НАВИГАЦИИ ДЛЯ МАЛОМОБИЛЬНЫХ ГРУПП НАСЕЛЕНИЯ,"Бугаков П.Ю., Колесников А.А., Батырова К.С., Головачев Н.С.",20. Научно-исследовательские публикации . 2025. № 4 . С. 26-30.,Научно-исследовательские публикации,https://elibrary.ru/contents.asp?id=86969634,№ 4,https://elibrary.ru/contents.asp?id=86969634&selid=86969642
707733,80378448,https://elibrary.ru/item.asp?id=80378448,МЕТОДИКА УТОЧНЕНИЯ И ОБНОВЛЕНИЯ ИНФОРМАЦИИ О ЛЕСНЫХ РЕСУРСАХ ПОСРЕДСТВОМ ИСПОЛЬЗОВАНИЯ ДАННЫХ ДИСТАНЦИОННОГО ЗОНДИРОВАНИЯ И МОБИЛЬНЫХ УСТРОЙСТВ,"Гонец Г.И., Комиссарова Е.В., Колесников А.А.",21. Вестник СГУГиТ (Сибирского государственного университета геосистем и технологий) . 2025. Т. 30. № 1 . С. 96-105.,Вестник СГУГиТ (Сибирского государственного университета геосистем и технологий),https://elibrary.ru/contents.asp?id=80378438,№ 1,https://elibrary.ru/contents.asp?id=80378438&selid=80378448
707733,83127858,https://elibrary.ru/item.asp?id=83127858,ФОРМИРОВАНИЕ КАРТОГРАФИЧЕСКИХ МАТЕРИАЛОВ ПО ТЕКСТАМ ТРАВЕЛОГОВ С ИСПОЛЬЗОВАНИЕМ МЕХАНИЗМОВ ГЕНЕРАЦИИ С ДОПОЛНЕННОЙ ВЫБОРКОЙ,"Колесников А.А., Жданов C.C.",22. Вестник СГУГиТ (Сибирского государственного университета геосистем и технологий) . 2025. Т. 30. № 5 . С. 33-40.,Вестник СГУГиТ (Сибирского государственного университета геосистем и технологий),https://elibrary.ru/contents.asp?id=83127853,№ 5,https://elibrary.ru/contents.asp?id=83127853&selid=83127858
707733,88997417,https://elibrary.ru/item.asp?id=88997417,"ПОИСК И РЕДАКТИРОВАНИЕ ОШИБОК В 3D-МОДЕЛЯХ, ПОЛУЧЕННЫХ ИЗ ОБЛАКА ТОЧЕК, ФОРМИРУЕМОГО ПО РЕЗУЛЬТАТАМ СЪЕМКИ МОБИЛЬНЫМ УСТРОЙСТВОМ","Пономарев А.В., Колесников А.А.",23. Вестник СГУГиТ (Сибирского государственного университета геосистем и технологий) . 2025. Т. 30. № 6 . С. 80-88.,Вестник СГУГиТ (Сибирского государственного университета геосистем и технологий),https://elibrary.ru/contents.asp?id=88997409,№ 6,https://elibrary.ru/contents.asp?id=88997409&selid=88997417
707733,65626673,https://elibrary.ru/item.asp?id=65626673,ПРОГРАММА ПО КОМПЬЮТЕРНОМУ МОДЕЛИРОВАНИЮ ЗОН ПОДТОПЛЕНИЯ ТЕРРИТОРИЙ В ГРАНИЦАХ ВОДОСБОРНОЙ ПЛОЩАДИ МАЛЫХ РЕК НОВОСИБИРСКА,"Федорчук А.С., Колесников А.А., Дубровский А.В., Ершов А.В., Малыгина О.И.","24. Свидетельство о регистрации программы для ЭВМ RU 2024616842, 26.03.2024. Заявка № 2024615842 от 26.03.2024.",,,,
707733,67262637,https://elibrary.ru/item.asp?id=67262637,БАЗА ЗНАНИЙ ПОКАЗАТЕЛЕЙ ОБЪЕКТОВ НЕДВИЖИМОСТИ НА ТЕРРИТОРИЮ НОВОСИБИРСКОЙ ОБЛАСТИ ПО ДАННЫМ ИЗ ОТКРЫТЫХ ИСТОЧНИКОВ,"Янкелевич С.С., Колесников А.А.","25. Свидетельство о регистрации базы данных RU 2024622042, 15.05.2024. Заявка № 2024621673 от 03.05.2024.",,,,
707733,68595458,https://elibrary.ru/item.asp?id=68595458,БАЗА ДАННЫХ ДОСТУПНОСТИ ОБЪЕКТОВ УЛИЧНО-ДОРОЖНОЙ СЕТИ УЧАСТКА ТЕРРИТОРИИ ЛЕНИНСКОГО РАЙОНА Г. НОВОСИБИРСКА,"Колесников А.А., Пошивайло Я.Г.","26. Свидетельство о регистрации базы данных RU 2024623154, 17.07.2024. Заявка № 2024622805 от 03.07.2024.",,,,
707733,76383812,https://elibrary.ru/item.asp?id=76383812,ТЕХНОГЕННО-ИЗМЕНЕННЫЕ ЗЕМЛИ ПРИ РАЗРАБОТКЕ МЕСТОРОЖДЕНИЙ ЗОЛОТА И ОЛОВА В УСТЬ-ЯНСКОМ РАЙОНЕ ЯКУТИИ,"Резник А.В., Платонов Т.А., Медведева К.Е., Гаврилов В.Л., Немова Н.А., Колесников А.А., Хоютанов Е.А.","27. Свидетельство о регистрации базы данных RU 2024625665, 02.12.2024. Заявка № 2024625479 от 20.11.2024.",,,,
707733,76404087,https://elibrary.ru/item.asp?id=76404087,DIGITAL GEO-SANDBOX,"Ершов А.В., Колесников А.А., Дубровский А.В., Аленин И.Э., Федорчук А.С.","28. Свидетельство о регистрации программы для ЭВМ RU 2024689738, 20.12.2024. Заявка № 2024689586 от 10.12.2024.",,,,
707733,82430943,https://elibrary.ru/item.asp?id=82430943,МОНИТОРИНГ ГРАНИЦ ТЕХНОГЕННО НАРУШЕННЫХ ТЕРРИТОРИЙ ПО ДАННЫМ ОТКРЫТОЙ СПУТНИКОВОЙ СЪЕМКИ,"Колесников А.А., Косарев Н.С., Резник А.В., Немова Н.А.","29. В сборнике: Геодезия, картография, геоинформатика и кадастры. Инновации в науке, образовании и производстве. материалы V Всероссийской научно-практической конференции. Санкт-Петербург, 2024. С. 189-196.",,,,
707733,82430946,https://elibrary.ru/item.asp?id=82430946,МЕТОДИЧЕСКИЕ ПОДХОДЫ К СБОРУ ЭКОЛОГИЧЕСКИХ ПОКАЗАТЕЛЕЙ ТЕХНОГЕННО НАРУШЕННЫХ ТЕРРИТОРИЙ ПО ДАННЫМ СПУТНИКОВОЙ СЪЕМКИ,"Косарев Н.С., Колесников А.А., Немова Н.А., Резник А.В.","30. В сборнике: Геодезия, картография, геоинформатика и кадастры. Инновации в науке, образовании и производстве. материалы V Всероссийской научно-практической конференции. Санкт-Петербург, 2024. С. 207-213.",,,,
707733,82430971,https://elibrary.ru/item.asp?id=82430971,МЕТОДИКА АВТОМАТИЗАЦИИ КАРТОГРАФИРОВАНИЯ ДАННЫХ ТРАВЕЛОГОВ,"Колесников А.А., Жданов С.С.","31. В сборнике: Геодезия, картография, геоинформатика и кадастры. Инновации в науке, образовании и производстве. материалы V Всероссийской научно-практической конференции. Санкт-Петербург, 2024. С. 402-408.",,,,
707733,82430996,https://elibrary.ru/item.asp?id=82430996,МЕТОДИКА ИСПОЛЬЗОВАНИЯ ОБЛАЧНЫХ ТЕХНОЛОГИЙ ПРИ СОЗДАНИИ И ИСПОЛЬЗОВАНИИ КАРТОГРАФИЧЕСКИХ ПРОИЗВЕДЕНИЙ,"Воронкин Е.Ю., Колесников А.А.","32. В сборнике: Геодезия, картография, геоинформатика и кадастры. Инновации в науке, образовании и производстве. материалы V Всероссийской научно-практической конференции. Санкт-Петербург, 2024. С. 576-582.",,,,
707733,68537968,https://elibrary.ru/item.asp?id=68537968,ERRATUM TO: THE USE OF GEOSPATIAL DATA IN THE INDUSTRIALLY DISTURBED LAND EVALUATION,"Kosarev N.S., Kolesnikov A.A., Reznik A.V., Nemova N.A., Ozhigin D.S.",33. Journal of Mining Science . 2024. Т. 60. № 1 . С. 178.,Journal of Mining Science,https://elibrary.ru/contents.asp?id=68537948,№ 1,https://elibrary.ru/contents.asp?id=68537948&selid=68537968
707733,75219425,https://elibrary.ru/item.asp?id=75219425,ПОЛУЧЕНИЕ И ИНТЕРПРЕТАЦИЯ ГЕОПРОСТРАНСТВЕННЫХ ДАННЫХ ДЛЯ ПОСТРОЕНИЯ МУЛЬТИМАСШТАБНОЙ ЦИФРОВОЙ МОДЕЛИ ТЕХНОГЕННО НАРУШЕННЫХ ТЕРРИТОРИЙ,"Резник А.В., Колесников А.А., Косарев Н.С., Немова Н.А.",34. Горный журнал . 2024. № 11 . С. 90-95.,Горный журнал,https://elibrary.ru/contents.asp?id=75219411,№ 11,https://elibrary.ru/contents.asp?id=75219411&selid=75219425
707733,68533128,https://elibrary.ru/item.asp?id=68533128,ИСПОЛЬЗОВАНИЕ БОЛЬШИХ ЯЗЫКОВЫХ МОДЕЛЕЙ В ГЕОИНФОРМАЦИОННЫХ ТЕХНОЛОГИЯХ,Колесников А.А.,35. Известия высших учебных заведений. Геодезия и аэрофотосъемка . 2024. Т. 68. № 1 . С. 33-43.,Известия высших учебных заведений. Геодезия и аэрофотосъемка,https://elibrary.ru/contents.asp?id=67972181,№ 1,https://elibrary.ru/contents.asp?id=67972181&selid=68533128
707733,76062866,https://elibrary.ru/item.asp?id=76062866,АВТОМАТИЗАЦИЯ ОПРЕДЕЛЕНИЯ КОНТУРОВ ТЕХНОГЕННО НАРУШЕННЫХ ТЕРРИТОРИЙ ПО ДАННЫМ ОТКРЫТОЙ СПУТНИКОВОЙ СЪЕМКИ,"Колесников А.А., Косарев Н.С., Резник А.В., Немова Н.А., Астапов А.М., Кропачева М.К.",36. Геодезия и картография . 2024. Т. 85. № 11 . С. 25-34.,Геодезия и картография,https://elibrary.ru/contents.asp?id=76062861,№ 11,https://elibrary.ru/contents.asp?id=76062861&selid=76062866
707733,67919134,https://elibrary.ru/item.asp?id=67919134,СРАВНИТЕЛЬНЫЙ АНАЛИЗ ВЛИЯНИЯ КОМПОНЕНТОВ МУЛЬТИСПЕКТРАЛЬНОГО СНИМКА НА ТОЧНОСТЬ АВТОМАТИЗИРОВАННОГО ДЕШИФРИРОВАНИЯ ОБЪЕКТОВ ГИДРОГРАФИИ,Колесников А.А.,37. Информация и космос . 2024. № 2 . С. 141-144.,Информация и космос,https://elibrary.ru/contents.asp?id=67919115,№ 2,https://elibrary.ru/contents.asp?id=67919115&selid=67919134
707733,74922522,https://elibrary.ru/item.asp?id=74922522,МОНИТОРИНГ ЭКОЛОГИИ ТЕХНОГЕННО НАРУШЕННЫХ ТЕРРИТОРИЙ ПО ДАННЫМ СПУТНИКОВОЙ СЪЕМКИ,"Колесников А.А., Косарев Н.С., Кикин П.М., Немова Н.А., Резник А.В., Горшков Д.В.",38. Фундаментальные и прикладные вопросы горных наук . 2024. Т. 11. № 2 . С. 28-33.,Фундаментальные и прикладные вопросы горных наук,https://elibrary.ru/contents.asp?id=74922518,№ 2,https://elibrary.ru/contents.asp?id=74922518&selid=74922522
707733,79012915,https://elibrary.ru/item.asp?id=79012915,ИСПОЛЬЗОВАНИЕ ХРАНИЛИЩА ПАРАМЕТРОВ МАШИННОГО ОБУЧЕНИЯ ПРИ ГЕОИНФОРМАЦИОННОМ КАРТОГРАФИРОВАНИИ ТЕХНОГЕННО НАРУШЕННЫХ ТЕРРИТОРИЙ,"Колесников А.А., Кикин П.М., Платонов Т.А., Печенкина Е.В.",39. Фундаментальные и прикладные вопросы горных наук . 2024. Т. 11. № 4 . С. 88-94.,Фундаментальные и прикладные вопросы горных наук,https://elibrary.ru/contents.asp?id=79012899,№ 4,https://elibrary.ru/contents.asp?id=79012899&selid=79012915
707733,79012916,https://elibrary.ru/item.asp?id=79012916,ИСПОЛЬЗОВАНИЕ СИСТЕМ ГЕНЕРАЦИИ КОНТЕНТА В ЦИФРОВОЙ КАРТОГРАФИИ,"Комиссарова Е.В., Кикин П.М., Колесников А.А.",40. Фундаментальные и прикладные вопросы горных наук . 2024. Т. 11. № 4 . С. 95-101.,Фундаментальные и прикладные вопросы горных наук,https://elibrary.ru/contents.asp?id=79012899,№ 4,https://elibrary.ru/contents.asp?id=79012899&selid=79012916
707733,69920442,https://elibrary.ru/item.asp?id=69920442,"ПЕРВЫЕ ИТОГИ И ПЕРСПЕКТИВЫ РЕАЛИЗАЦИИ ООП МАГИСТРАТУРЫ 05.04.03 ""КАРТОГРАФИЯ И ГЕОИНФОРМАТИКА""","Пошивайло Я.Г., Колесников А.А.",41. Актуальные вопросы образования . 2024. № 1 . С. 186-191.,Актуальные вопросы образования,https://elibrary.ru/contents.asp?id=69920410,№ 1,https://elibrary.ru/contents.asp?id=69920410&selid=69920442
707733,67894854,https://elibrary.ru/item.asp?id=67894854,СРАВНИТЕЛЬНЫЙ АНАЛИЗ ПРОГРАММНЫХ ИНСТРУМЕНТОВ СОЗДАНИЯ КАРТ-ИСТОРИЙ,"Карташова К.В., Колесников А.А.",42. Вестник СГУГиТ (Сибирского государственного университета геосистем и технологий) . 2024. Т. 29. № 3 . С. 97-104.,Вестник СГУГиТ (Сибирского государственного университета геосистем и технологий),https://elibrary.ru/contents.asp?id=67894846,№ 3,https://elibrary.ru/contents.asp?id=67894846&selid=67894854
707733,56007630,https://elibrary.ru/item.asp?id=56007630,"СПОСОБ ПОЛУЧЕНИЯ, ОБРАБОТКИ, ОТОБРАЖЕНИЯ И ИНТЕРПРЕТАЦИИ ГЕОПРОСТРАНСТВЕННЫХ ДАННЫХ ДЛЯ КЛАСТЕРИЗАЦИИ НЕОДНОРОДНОСТИ ТЕХНОГЕННО ИЗМЕНЕННЫХ ТЕРРИТОРИЙ","Резник А.В., Гаврилов В.Л., Немова Н.А., Косарев Н.С., Колесников А.А.","43. Патент на изобретение RU 2806406 C1, 31.10.2023. Заявка № 2022125547 от 30.09.2022.",,,,
707733,56011780,https://elibrary.ru/item.asp?id=56011780,ТЕХНОГЕННО-ИЗМЕНЕННЫЕ ЗЕМЛИ ПРИ ДОБЫЧЕ И ИСПОЛЬЗОВАНИИ ТВЕРДЫХ ПОЛЕЗНЫХ ИСКОПАЕМЫХ НА ТЕРРИТОРИИ НОВОСИБИРСКОЙ ОБЛАСТИ,"Резник А.В., Немова Н.А., Косарев Н.С., Колесников А.А., Медведева К.Е., Платонов Т.А., Гаврилов В.Л.","44. Свидетельство о регистрации базы данных RU 2023624553, 11.12.2023. Заявка № 2023624542 от 28.11.2023.",,,,
707733,56013917,https://elibrary.ru/item.asp?id=56013917,ПРОГРАММА ДЛЯ ФОРМИРОВАНИЯ БАЗЫ ДАННЫХ СОЦИАЛЬНО-ЭКОНОМИЧЕСКИХ ПОКАЗАТЕЛЕЙ НОВОСИБИРСКОЙ ОБЛАСТИ ПО ДАННЫМ ИЗ ОТКРЫТЫХ ИСТОЧНИКОВ,Колесников А.А.,"45. Свидетельство о регистрации программы для ЭВМ RU 2023686176, 04.12.2023. Заявка № 2023685838 от 22.11.2023.",,,,
707733,56013990,https://elibrary.ru/item.asp?id=56013990,ПРОГРАММА ДЛЯ ИЗВЛЕЧЕНИЯ И КООРДИНИРОВАНИЯ ГЕОГРАФИЧЕСКИХ ОБЪЕКТОВ ИЗ НЕСТРУКТУРИРОВАННОГО ТЕКСТА,Колесников А.А.,"46. Свидетельство о регистрации программы для ЭВМ RU 2023686249, 05.12.2023. Заявка № 2023686275 от 05.12.2023.",,,,
707733,56014007,https://elibrary.ru/item.asp?id=56014007,ПРОГРАММА ДЛЯ ПОСТРОЕНИЯ WEB-СЕРВИСА СБОРА И ОБРАБОТКИ ОТКРЫТЫХ КЛИМАТИЧЕСКИХ ДАННЫХ ДИСТАНЦИОННОГО ЗОНДИРОВАНИЯ,Колесников А.А.,"47. Свидетельство о регистрации программы для ЭВМ RU 2023686266, 05.12.2023. Заявка № 2023686290 от 05.12.2023.",,,,
707733,56016056,https://elibrary.ru/item.asp?id=56016056,МОДУЛЬ QGIS КОНВЕРТАЦИИ КАРТОГРАФИЧЕСКИХ ОБЪЕКТОВ В ФОРМАТ BI-СИСТЕМ ДЛЯ ФОРМИРОВАНИЯ WEB-ВЕРСИИ АТЛАСА НОВОСИБИРСКОЙ ОБЛАСТИ,Колесников А.А.,"48. Свидетельство о регистрации программы для ЭВМ RU 2023688144, 20.12.2023. Заявка № 2023687911 от 18.12.2023.",,,,
707733,59992333,https://elibrary.ru/item.asp?id=59992333,ЦИФРОВАЯ КАРТОГРАФИЯ,"Андрюхина Ю.Н., Бугаков П.Ю., Касьянова Е.Л., Кацко С.Ю., Колесников А.А., Комиссарова Е.В., Лисицкий Д.В., Молокина Т.С., Радченко Л.К., Пошивайло Я.Г., Утробина Е.С., Янкелевич С.С.","49. Новосибирск, 2023.",,,,
707733,62909297,https://elibrary.ru/item.asp?id=62909297,МЕТОДИЧЕСКИЙ ПОДХОД К ОЦЕНКЕ ВЛИЯНИЯ ТЕХНОГЕННО-ИЗМЕНЕННЫХ ТЕРРИТОРИЙ НА ООПТ НОВОСИБИРСКОЙ ОБЛАСТИ,"Колесников А.А., Косарев Н.С.","50. В сборнике: Устойчивое развитие особо охраняемых природных территорий. Сборник статей Х Юбилейной национальной научно-практической конференции. Сочи, 2023. С. 173-178.",,,,
707733,53974395,https://elibrary.ru/item.asp?id=53974395,АВТОМАТИЗАЦИЯ СБОРА ДАННЫХ ИЗ ОТКРЫТЫХ ИСТОЧНИКОВ О СОСТОЯНИИ ТЕХНОГЕННО-НАРУШЕННЫХ ТЕРРИТОРИЙ С ИСПОЛЬЗОВАНИЕМ ГЕОИНФОРМАЦИОННЫХ ТЕХНОЛОГИЙ И МИКРОСЕРВИСНЫХ АРХИТЕКТУР,"Колесников А.А., Косарев Н.С., Платонов Т.А.","51. В сборнике: Цифровые технологии в горном деле. Тезисы докладов Всероссийской научно-технической конференции. Апатиты, 2023. С. 24-25.",,,,
707733,54650528,https://elibrary.ru/item.asp?id=54650528,МОНИТОРИНГ И АНАЛИЗ ИЗМЕНЕНИЙ ТЕХНОГЕННО-НАРУШЕННЫХ ТЕРРИТОРИЙ,"Колесников А.А., Косарев Н.С.","52. В сборнике: Обработка пространственных данных в задачах мониторинга природных и антропогенных процессов (SDM-2023). сборник трудов всероссийской конференции с международным участием. Новосибирск, 2023. С. 263-267.",,,,
707733,58905362,https://elibrary.ru/item.asp?id=58905362,ИСПОЛЬЗОВАНИЕ ГЕОПРОСТРАНСТВЕНЫХ ДАННЫХ ДЛЯ ОЦЕНКИ СОСТОЯНИЯ ТЕХНОГЕННО НАРУШЕННЫХ ЗЕМЕЛЬ,"Косарев Н.С., Колесников А.А., Резник А.В., Немова Н.А., Ожигин Д.С.",53. Физико-технические проблемы разработки полезных ископаемых . 2023. № 6 . С. 190-197. Версии:,Физико-технические проблемы разработки полезных ископаемых,https://elibrary.ru/contents.asp?id=58905305,№ 6,https://elibrary.ru/contents.asp?id=58905305&selid=58905362
707733,53982491,https://elibrary.ru/item.asp?id=53982491,СОВРЕМЕННЫЕ ПОДХОДЫ К АВТОМАТИЗАЦИИ ОПЕРАЦИЙ ПО РЕДАКТИРОВАНИЮ ПРОСТРАНСТВЕННЫХ ДАННЫХ,Колесников А.А.,54. Геодезия и картография . 2023. Т. 84. № 4 . С. 39-49.,Геодезия и картография,https://elibrary.ru/contents.asp?id=53982485,№ 4,https://elibrary.ru/contents.asp?id=53982485&selid=53982491
707733,54107474,https://elibrary.ru/item.asp?id=54107474,ТЕХНИЧЕСКИЕ РЕШЕНИЯ ДЛЯ СОЗДАНИЯ КАРТОГРАФИЧЕСКИХ БАЗ ДАННЫХ НА ОСНОВЕ НЕСТРУКТУРИРОВАННОГО ТЕКСТА С ИСПОЛЬЗОВАНИЕМ МИКРОСЕРВИСНОЙ АРХИТЕКТУРЫ И СИСТЕМ ОБРАБОТКИ ЕСТЕСТВЕННОГО ЯЗЫКА,Колесников А.А.,55. Информация и космос . 2023. № 2 . С. 132-136.,Информация и космос,https://elibrary.ru/contents.asp?id=54107455,№ 2,https://elibrary.ru/contents.asp?id=54107455&selid=54107474
707733,54597875,https://elibrary.ru/item.asp?id=54597875,МЕТОДИКА ИСПОЛЬЗОВАНИЯ ТУРИСТСКОЙ КАРТЫ ЧЕРЕЗ ПРИЛОЖЕНИЕ С ДОПОЛНЕННОЙ РЕАЛЬНОСТЬЮ ПО РАЗРАБОТАННОЙ ТЕХНОЛОГИЧЕСКОЙ СХЕМЕ СОЗДАНИЯ КАРТЫ,"Ажилай А.А., Комиссарова Е.В., Колесников А.А.",56. Интерэкспо Гео-Сибирь . 2023. Т. 1. № 2 . С. 101-110.,Интерэкспо Гео-Сибирь,https://elibrary.ru/contents.asp?id=54597859,№ 2,https://elibrary.ru/contents.asp?id=54597859&selid=54597875
707733,54597879,https://elibrary.ru/item.asp?id=54597879,ПОДГОТОВКА И ВИЗУАЛИЗАЦИЯ ПРОСТРАНСТВЕННЫХ ДАННЫХ В РЕДАКТОРАХ ТРЕХМЕРНОЙ ГРАФИКИ,"Колесников А.А., Пономарёв А.В.",57. Интерэкспо Гео-Сибирь . 2023. Т. 1. № 2 . С. 131-136.,Интерэкспо Гео-Сибирь,https://elibrary.ru/contents.asp?id=54597859,№ 2,https://elibrary.ru/contents.asp?id=54597859&selid=54597879
707733,54597880,https://elibrary.ru/item.asp?id=54597880,РАЗРАБОТКА ТУРИСТКОЙ ИНТЕРАКТИВНОЙ ВЕБ-КАРТЫ КЕМЕРОВСКОЙ ОБЛАСТИ,"Колесников А.А., Попов В.П.",58. Интерэкспо Гео-Сибирь . 2023. Т. 1. № 2 . С. 137-143.,Интерэкспо Гео-Сибирь,https://elibrary.ru/contents.asp?id=54597859,№ 2,https://elibrary.ru/contents.asp?id=54597859&selid=54597880
707733,54597881,https://elibrary.ru/item.asp?id=54597881,ОЦЕНКА ВЛИЯНИЯ КОЛИЧЕСТВА ИНФОРМАЦИИ НА КАЧЕСТВО АВТОМАТИЗИРОВАННОГО ДЕШИФРИРОВАНИЯ СПУТНИКОВЫХ СНИМКОВ,"Коломеец М.В., Колесников А.А.",59. Интерэкспо Гео-Сибирь . 2023. Т. 1. № 2 . С. 144-150.,Интерэкспо Гео-Сибирь,https://elibrary.ru/contents.asp?id=54597859,№ 2,https://elibrary.ru/contents.asp?id=54597859&selid=54597881
707733,54360976,https://elibrary.ru/item.asp?id=54360976,МЕТОДИКА ИСПОЛЬЗОВАНИЯ МОБИЛЬНЫХ УСТРОЙСТВ ПРИ ВЫПОЛНЕНИИ ПРАКТИЧЕСКИХ РАБОТ,"Гонец Г.И., Комиссарова Е.В., Колесников А.А.",60. Актуальные вопросы образования . 2023. № 3 . С. 17-24.,Актуальные вопросы образования,https://elibrary.ru/contents.asp?id=54360972,№ 3,https://elibrary.ru/contents.asp?id=54360972&selid=54360976
707733,54751053,https://elibrary.ru/item.asp?id=54751053,СОЗДАНИЕ БАЗЫ ДАННЫХ ТЕХНОГЕННО-НАРУШЕННЫХ ТЕРРИТОРИЙ НОВОСИБИРСКОЙ ОБЛАСТИ,"Колесников А.А., Косарев Н.С., Немова Н.А., Резник А.В., Платонов Т.А.",61. Вестник СГУГиТ (Сибирского государственного университета геосистем и технологий) . 2023. Т. 28. № 5 . С. 80-92.,Вестник СГУГиТ (Сибирского государственного университета геосистем и технологий),https://elibrary.ru/contents.asp?id=54751045,№ 5,https://elibrary.ru/contents.asp?id=54751045&selid=54751053
707733,65596569,https://elibrary.ru/item.asp?id=65596569,СПОСОБЫ ИЗВЛЕЧЕНИЯ МЕТАДАННЫХ О ПРОСТРАНСТВЕННОМ ПОЛОЖЕНИИ ИЗ ХРАНИЛИЩ ФОТОГРАФИЙ,"Гришин Р.В., Колесников А.А.",62. Вестник СГУГиТ (Сибирского государственного университета геосистем и технологий) . 2023. Т. 28. № 6 . С. 57-66.,Вестник СГУГиТ (Сибирского государственного университета геосистем и технологий),https://elibrary.ru/contents.asp?id=65596563,№ 6,https://elibrary.ru/contents.asp?id=65596563&selid=65596569
707733,65596572,https://elibrary.ru/item.asp?id=65596572,ОЦЕНКА ОБЕСПЕЧЕННОСТИ ТЕРРИТОРИИ ГОРОДА РЕКРЕАЦИОННЫМИ ОБЪЕКТАМИ ДЛЯ ПЕРСПЕКТИВНОГО ПЛАНИРОВАНИЯ ОРГАНИЗАЦИИ ЗЕМЛЕПОЛЬЗОВАНИЯ,"Дубровский А.В., Ершов А.В., Малыгина О.И., Стегниенко Е.С., Колесников А.А., Татаренко В.И.",63. Вестник СГУГиТ (Сибирского государственного университета геосистем и технологий) . 2023. Т. 28. № 6 . С. 86-98.,Вестник СГУГиТ (Сибирского государственного университета геосистем и технологий),https://elibrary.ru/contents.asp?id=65596563,№ 6,https://elibrary.ru/contents.asp?id=65596563&selid=65596572
707733,54798158,https://elibrary.ru/item.asp?id=54798158,О НЕОБХОДИМОСТИ КОМПЛЕКСНОЙ ГЕОЭКОЛОГИЧЕСКОЙ ОЦЕНКИ ТЕХНОГЕННО НАРУШЕННЫХ ГОРНЫМИ РАБОТАМИ ЗЕМЕЛЬ,"Гаврилов В.Л., Немова Н.А., Резник А.В., Косарев Н.С., Колесников А.А.",64. Известия Томского политехнического университета. Инжиниринг георесурсов . 2023. Т. 334. № 10 . С. 76-87.,Известия Томского политехнического университета. Инжиниринг георесурсов,https://elibrary.ru/contents.asp?id=54798151,№ 10,https://elibrary.ru/contents.asp?id=54798151&selid=54798158
707733,49445825,https://elibrary.ru/item.asp?id=49445825,СПОСОБ ОПРЕДЕЛЕНИЯ МЕСТОПОЛОЖЕНИЯ ПОЛЬЗОВАТЕЛЯ ПРИ ОРИЕНТИРОВАНИИ НА МЕСТНОСТИ В ИНТЕРАКТИВНОМ РЕЖИМЕ В УСЛОВИЯХ ОТСУТСТВИЯ СВЯЗИ ДЛЯ ПЕРЕДАЧИ ЦИФРОВЫХ ДАННЫХ,"Лисицкий Д.В., Колесников А.А.","65. Патент на изобретение RU 2779812 C1, 13.09.2022. Заявка № 2021137066 от 15.12.2021.",,,,
707733,49978724,https://elibrary.ru/item.asp?id=49978724,"МОДЕЛИРОВАНИЕ ПРОСТРАНСТВЕННОГО ПОЛОЖЕНИЯ ЗОН ДОСТУПНОСТИ ОБЪЕКТОВ РЕКРЕАЦИИ ""РЕКРЕАЦИЯ В ШАГЕ""","Дубровский А.В., Колесников А.А., Стегниенко Е.С., Ершов А.В.","66. Свидетельство о регистрации программы для ЭВМ RU 2022683816, 08.12.2022. Заявка № 2022683871 от 08.12.2022.",,,,
707733,49890126,https://elibrary.ru/item.asp?id=49890126,ТЕХНОЛОГИЧЕСКИЕ ПОДХОДЫ К СБОРУ И ОБРАБОТКЕ ПРОСТРАНСТВЕННЫХ ДАННЫХ ПРИ СОЗДАНИИ ГЕОИНФОРМАЦИОННОЙ МОДЕЛИ ГИДРОТЕХНИЧЕСКИХ СООРУЖЕНИЙ,"Пошивайло Я.Г., Колесников А.А.","67. В сборнике: Тематические карты и атласы: современные концепции научного содержания, новые технологии создания и использования. Материалы XI международной научной конференции по тематической картографии. Иркутск, 2022. С. 195-196.",,,,
707733,49387557,https://elibrary.ru/item.asp?id=49387557,ОБЗОР СОСТОЯНИЯ ТЕХНОЛОГИИ ДОПОЛНЕННОЙ РЕАЛЬНОСТИ В ТУРИСТСКОЙ КАРТОГРАФИИ,"Ажилай А.А., Комиссарова Е.В., Колесников А.А.",68. Интерэкспо Гео-Сибирь . 2022. Т. 1. С. 169-179.,Интерэкспо Гео-Сибирь,https://elibrary.ru/contents.asp?id=49387533,,
707733,49431530,https://elibrary.ru/item.asp?id=49431530,РАЗРАБОТКА ПРОГРАММНОЙ ПЛАТФОРМЫ ДЛЯ ТЕХНИЧЕСКОЙ ПОДДЕРЖКИ ОРГАНИЗАЦИИ И ПРОВЕДЕНИЯ СТУДЕНЧЕСКОЙ НАУЧНОЙ КОНФЕРЕНЦИИ,"Бугаков П.Ю., Бугакова Т.Ю., Колесников А.А., Шарапов А.А.",69. Интерэкспо Гео-Сибирь . 2022. Т. 7. № 1 . С. 175-184.,Интерэкспо Гео-Сибирь,https://elibrary.ru/contents.asp?id=49431502,№ 1,https://elibrary.ru/contents.asp?id=49431502&selid=49431530
707733,49274758,https://elibrary.ru/item.asp?id=49274758,"АВТОМАТИЗИРОВАННАЯ СИСТЕМА СБОРА И ОБРАБОТКИ ОРГАНИЗАЦИОННЫХ ДАННЫХ СТУДЕНЧЕСКОЙ НАУЧНОЙ КОНФЕРЕНЦИИ ""СНК-2022""","Бугакова Т.Ю., Колесников А.А., Шарапов А.А., Бугаков П.Ю.",70. Актуальные вопросы образования . 2022. № 1 . С. 192-198.,Актуальные вопросы образования,https://elibrary.ru/contents.asp?id=49274727,№ 1,https://elibrary.ru/contents.asp?id=49274727&selid=49274758
707733,49274768,https://elibrary.ru/item.asp?id=49274768,"НАУЧНО-ПРАКТИЧЕСКИЙ СТУДЕНЧЕСКИЙ ПРОЕКТ ""СОЗДАНИЕ ВИРТУАЛЬНЫХ ПАНОРАМ""","Колесников А.А., Пошивайло Я.Г., Утробина Е.С.",71. Актуальные вопросы образования . 2022. № 1 . С. 251-258.,Актуальные вопросы образования,https://elibrary.ru/contents.asp?id=49274727,№ 1,https://elibrary.ru/contents.asp?id=49274727&selid=49274768
707733,49274728,https://elibrary.ru/item.asp?id=49274728,АНАЛИЗ ПЕРСПЕКТИВНЫХ НАПРАВЛЕНИЙ АВТОМАТИЗАЦИИ ОБЕСПЕЧЕНИЯ УЧЕБНОГО ПРОЦЕССА СГУГИТ В ЦЕЛЯХ СОКРАЩЕНИЯ ЗАТРАТ РАБОЧЕГО ВРЕМЕНИ ПРОФЕССОРСКО-ПРЕПОДАВАТЕЛЬСКОГО СОСТАВА,"Пошивайло Я.Г., Колесников А.А.",72. Актуальные вопросы образования . 2022. № 1 . С. 3-8.,Актуальные вопросы образования,https://elibrary.ru/contents.asp?id=49274727,№ 1,https://elibrary.ru/contents.asp?id=49274727&selid=49274728
707733,49297324,https://elibrary.ru/item.asp?id=49297324,ОПЫТ ПРОВЕДЕНИЯ ЛЕТНИХ УЧЕБНЫХ ПРАКТИК В ДИСТАНЦИОННОМ ФОРМАТЕ ДЛЯ ОБУЧАЮЩИХСЯ ПО НАПРАВЛЕНИЮ ПОДГОТОВКИ 05.03.03 КАРТОГРАФИЯ И ГЕОИНФОРМАТИКА,"Утробина Е.С., Колесников А.А., Пошивайло Я.Г.",73. Актуальные вопросы образования . 2022. № 2 . С. 100-107.,Актуальные вопросы образования,https://elibrary.ru/contents.asp?id=49297304,№ 2,https://elibrary.ru/contents.asp?id=49297304&selid=49297324
707733,49295823,https://elibrary.ru/item.asp?id=49295823,АНАЛИЗ МЕТОДОВ И СРЕДСТВ ИСКУССТВЕННОГО ИНТЕЛЛЕКТА ДЛЯ АНАЛИЗА И ИНТЕРПРЕТАЦИИ ДАННЫХ АКТИВНОГО ДИСТАНЦИОННОГО ЗОНДИРОВАНИЯ,Колесников А.А.,74. Вестник СГУГиТ (Сибирского государственного университета геосистем и технологий) . 2022. Т. 27. № 3 . С. 74-94.,Вестник СГУГиТ (Сибирского государственного университета геосистем и технологий),https://elibrary.ru/contents.asp?id=49295816,№ 3,https://elibrary.ru/contents.asp?id=49295816&selid=49295823
707733,49295824,https://elibrary.ru/item.asp?id=49295824,ВОЗМОЖНОСТИ NOSQL СУБД ДЛЯ ОБРАБОТКИ ПРОСТРАНСТВЕННЫХ ДАННЫХ,Колесников А.А.,75. Вестник СГУГиТ (Сибирского государственного университета геосистем и технологий) . 2022. Т. 27. № 3 . С. 95-106.,Вестник СГУГиТ (Сибирского государственного университета геосистем и технологий),https://elibrary.ru/contents.asp?id=49295816,№ 3,https://elibrary.ru/contents.asp?id=49295816&selid=49295824
707733,49605417,https://elibrary.ru/item.asp?id=49605417,ПРИМЕНЕНИЕ ВИРТУАЛЬНЫХ ПАНОРАМ В ЦИФРОВОМ ТЕМАТИЧЕСКОМ КАРТОГРАФИРОВАНИИ,"Колесников А.А., Пошивайло Я.Г., Утробина Е.С., Миронова С.А.",76. Вестник СГУГиТ (Сибирского государственного университета геосистем и технологий) . 2022. Т. 27. № 4 . С. 74-87.,Вестник СГУГиТ (Сибирского государственного университета геосистем и технологий),https://elibrary.ru/contents.asp?id=49605409,№ 4,https://elibrary.ru/contents.asp?id=49605409&selid=49605417
707733,49821053,https://elibrary.ru/item.asp?id=49821053,АВТОМАТИЗАЦИЯ ПОДГОТОВКИ КАРТОГРАФИЧЕСКИХ ДАННЫХ С ПОМОЩЬЮ СИСТЕМ ОБРАБОТКИ ЕСТЕСТВЕННОГО ЯЗЫКА,"Колесников А.А., Плитченко Е.А., Кропачева М.К.",77. ИнтерКарто. ИнтерГИС . 2022. Т. 28. № 1 . С. 659-669.,ИнтерКарто. ИнтерГИС,https://elibrary.ru/contents.asp?id=49820999,№ 1,https://elibrary.ru/contents.asp?id=49820999&selid=49821053
707733,45822239,https://elibrary.ru/item.asp?id=45822239,ПРОГРАММНОЕ РАСШИРЕНИЕ ДЛЯ РАСЧЕТА ПЛОЩАДИ ЗЕМЕЛЬНЫХ УЧАСТКОВ В БАЛЛО-ГЕКТАРАХ В ГИС MAPINFO PROFESSIONAL,"Колесников А.А., Клюшниченко В.Н.","78. Свидетельство о регистрации программы для ЭВМ RU 2021616079, 16.04.2021. Заявка № 2021615387 от 16.04.2021.",,,,
707733,45822242,https://elibrary.ru/item.asp?id=45822242,МОДУЛЬ РАСЧЕТА ПЛОЩАДИ ЗЕМЕЛЬНЫХ УЧАСТКОВ В БАЛЛО-ГЕКТАРАХ ДЛЯ ГИС АКСИОМА,"Колесников А.А., Клюшниченко В.Н.","79. Свидетельство о регистрации программы для ЭВМ RU 2021616082, 16.04.2021. Заявка № 2021615401 от 16.04.2021.",,,,
707733,46477575,https://elibrary.ru/item.asp?id=46477575,СПОСОБ СОЗДАНИЯ АВТОНОМНОГО ИСТОЧНИКА ГЕОПРОСТРАНСТВЕННОЙ ИНФОРМАЦИИ И ИСПОЛЬЗОВАНИЯ ЕГО В ИНТЕРАКТИВНОМ РЕЖИМЕ В УСЛОВИЯХ ОТСУТСТВИЯ СВЯЗИ ДЛЯ ПЕРЕДАЧИ ЦИФРОВЫХ ДАННЫХ,"Лисицкий Д.В., Комиссарова Е.В., Колесников А.А.","80. Патент на изобретение RU 2752606 C2, 29.07.2021. Заявка № 2019120894 от 02.07.2019.",,,,
707733,47121531,https://elibrary.ru/item.asp?id=47121531,"СПОСОБ ОПРЕДЕЛЕНИЯ МЕСТОПОЛОЖЕНИЯ НА ТРАДИЦИОННОЙ КАРТЕ, КООРДИНАТ ТОЧЕК, ГЕОМЕТРИЧЕСКИХ И СЕМАНТИЧЕСКИХ ХАРАКТЕРИСТИК КАРТОГРАФИЧЕСКИХ ОБЪЕКТОВ В ИНТЕРАКТИВНОМ РЕЖИМЕ ПРИ РАБОТЕ С ТРАДИЦИОННОЙ КАРТОЙ В УСЛОВИЯХ ОТСУТСТВИЯ СВЯЗИ ДЛЯ ПЕРЕДАЧИ ЦИФРОВЫХ ДАННЫХ","Лисицкий Д.В., Комиссарова Е.В., Колесников А.А.","81. Патент на изобретение RU 2757066 C2, 11.10.2021. Заявка № 2019116623 от 29.05.2019.",,,,
707733,47435620,https://elibrary.ru/item.asp?id=47435620,ШАБЛОНИЗАТОР ДЛЯ СОСТАВЛЕНИЯ ПРОГРАММ КОНФЕРЕНЦИЙ,"Бугаков П.Ю., Колесников А.А.","82. Свидетельство о регистрации программы для ЭВМ RU 2021680232, 08.12.2021. Заявка № 2021669947 от 08.12.2021.",,,,
707733,47435623,https://elibrary.ru/item.asp?id=47435623,РАСЧЕТ УЧЕБНОЙ НАГРУЗКИ ДЛЯ ИНДИВИДУАЛЬНОГО ПЛАНА ПРЕПОДАВАТЕЛЯ,"Колесников А.А., Бугаков П.Ю.","83. Свидетельство о регистрации программы для ЭВМ RU 2021680234, 08.12.2021. Заявка № 2021669950 от 08.12.2021.",,,,
707733,47538152,https://elibrary.ru/item.asp?id=47538152,MODELLING OF TRAFFIC FLOWS AND SUPPLY CHAINS BASED ON GEOSPATIAL KNOWLEDGE,"Kolesnikov A., Kikin P., Panidi E.","84. В сборнике: Journal of Physics: Conference Series. 4. Сер. ""2021 4th International Conference on Applied Mathematics, Modeling and Simulation, AMMS 2021"" 2021. С. 012042.",,,,
707733,47517301,https://elibrary.ru/item.asp?id=47517301,USING SYSTEMS OF PARALLEL AND DISTRIBUTED DATA PROCESSING TO BUILD HYDROLOGICAL MODELS BASED ON REMOTE SENSING DATA,"Kolesnikov A.A., Kikin P.M., Panidi E.A., Rusina A.G.","85. В сборнике: International Archives of the Photogrammetry, Remote Sensing and Spatial Information Sciences - ISPRS Archives. 24. 2021. С. 111-116.",,,,
707733,47516963,https://elibrary.ru/item.asp?id=47516963,"INTEGRATION OF DATA OF THE REMOTE SENSING, GIS, AND GAMMA-SPECTROMETRIC ANALYSIS TO STUDY SOIL MATERIAL REDISTRIBUTION","Trofimetz L.N., Kolesnikov A.A., Panidi E.A., Kikin P.M.","86. В сборнике: International Archives of the Photogrammetry, Remote Sensing and Spatial Information Sciences - ISPRS Archives. 24. 2021. С. 147-152.",,,,
707733,47518068,https://elibrary.ru/item.asp?id=47518068,ISSUES OF GEOGRAPHIC INFORMATION SYSTEMS AND THEMATIC MAPPING APPLICATION TO ANALYSIS OF EPIDEMIOLOGICAL SITUATION IN LARGE CITIES,"Kuznetsov I., Panidi E., Kikin P., Kolesnikov A., Korovka V., Galkin V.","87. В сборнике: International Archives of the Photogrammetry, Remote Sensing and Spatial Information Sciences - ISPRS Archives. 24. 2021. С. 287-292.",,,,
707733,46111106,https://elibrary.ru/item.asp?id=46111106,ПРЕИМУЩЕСТВА ПРИМЕНЕНИЯ ТРАДИЦИОННЫХ КАРТ В ЭПОХУ ЦИФРОВЫХ ТЕХНОЛОГИЙ,"Байшуаков А.Т., Комиссарова Е.В., Колесников А.А.","88. В сборнике: Междисциплинарные подходы в биологии, медицине и науках о Земле: теоретические и прикладные аспекты. материалы симпозиума XVI (XLVIII) Международной научно-практической конференции, приуроченной к 300-летию Кузбасса. Кемерово, 2021. С. 71-74.",,,,
707733,47364176,https://elibrary.ru/item.asp?id=47364176,«ИССЛЕДОВАННОСТЬ МАРСА НА 2020 ГОД»,"Вдовин Э.А., Колесников А.А.","89. В сборнике: Интеллектуальный потенциал Сибири. материалы конференции. Под редакцией Соколовой Д.О., 2021. С. 274-276.",,,,
707733,47364186,https://elibrary.ru/item.asp?id=47364186,ПРОЕКТ ПРОГНОЗНОЙ КАРТЫ СОСТОЯНИЯ ОБЪЕКТОВ ГИДРОГРАФИИ НА ТЕРРИТОРИИ ИРКУТСКОЙ ОБЛАСТИ,"Нунгессер А.Д., Колесников А.А.","90. В сборнике: Интеллектуальный потенциал Сибири. материалы конференции. Под редакцией Соколовой Д.О., 2021. С. 304-306.",,,,
707733,48099456,https://elibrary.ru/item.asp?id=48099456,ПРОЕКТ КАРТЫ «ИССЛЕДОВАННОСТЬ МАРСА НА 2020 ГОД»,"Вдовин Э.А., Колесников А.А.","91. В сборнике: Интеллектуальный потенциал Сибири. Сборник научных трудов 29-ой Региональной научной студенческой конференции, посвященной Году науки и технологий в России. В 5-ти частях. Под редакцией Д.О. Соколовой. Новосибирск, 2021. С. 527-531.",,,,
707733,44868978,https://elibrary.ru/item.asp?id=44868978,ВОЗМОЖНОСТИ ПРИМЕНЕНИЯ QR-КОДОВ В УЧЕБНОМ ПРОЦЕССЕ НА УРОКАХ ГЕОГРАФИИ И ИСТОРИИ,"Байшуаков А.Т., Комиссарова Е.В., Колесников А.А.",92. Информационно-коммуникационные технологии в педагогическом образовании . 2021. № 3 (72) . С. 37-40.,Информационно-коммуникационные технологии в педагогическом образовании,https://elibrary.ru/contents.asp?id=44868968,№ 3 (72),https://elibrary.ru/contents.asp?id=44868968&selid=44868978
707733,46597965,https://elibrary.ru/item.asp?id=46597965,НОВЫЙ ПОДХОД К СИСТЕМАТИЗАЦИИ И ПРЕДСТАВЛЕНИЮ ИНФОРМАЦИИ В УЧЕБНОМ ПОСОБИИ,"Комиссарова Е.В., Колесников А.А., Пошивайло Я.Г.",93. Актуальные вопросы образования . 2021. № 1 . С. 138-141.,Актуальные вопросы образования,https://elibrary.ru/contents.asp?id=46597936,№ 1,https://elibrary.ru/contents.asp?id=46597936&selid=46597965
707733,46597973,https://elibrary.ru/item.asp?id=46597973,"РАЗРАБОТКА МЕТОДИЧЕСКОГО ОБЕСПЕЧЕНИЯ ДИСЦИПЛИНЫ ""АЭРОКОСМИЧЕСКИЕ МЕТОДЫ В ТЕМАТИЧЕСКОМ КАРТОГРАФИРОВАНИИ"" В РАМКАХ СОТРУДНИЧЕСТВА С ГРУППОЙ КОМПАНИЙ ""СКАНЭКС""","Утробина Е.С., Колесников А.А., Пошивайло Я.Г.",94. Актуальные вопросы образования . 2021. № 1 . С. 173-177.,Актуальные вопросы образования,https://elibrary.ru/contents.asp?id=46597936,№ 1,https://elibrary.ru/contents.asp?id=46597936&selid=46597973
707733,46597982,https://elibrary.ru/item.asp?id=46597982,"КАРТОГРАФИЧЕСКИЙ КОНКУРС ""ТОЧЬ-В-ТОЧЬ"" КАК ЭЛЕМЕНТ ПРОЕКТНОГО ОБУЧЕНИЯ: ОПЫТ ПРОВЕДЕНИЯ","Утробина Е.С., Пошивайло Я.Г., Колесников А.А.",95. Актуальные вопросы образования . 2021. № 1 . С. 215-219.,Актуальные вопросы образования,https://elibrary.ru/contents.asp?id=46597936,№ 1,https://elibrary.ru/contents.asp?id=46597936&selid=46597982
707733,46597942,https://elibrary.ru/item.asp?id=46597942,"РАЗРАБОТКА СЕМИНАРА ""КРИТЕРИИ ОЦЕНКИ КАЧЕСТВА ПУБЛИКАЦИЙ ПРИ ПОДБОРЕ НАУЧНОЙ ИНФОРМАЦИИ""","Колесников А.А., Рябова Н.М., Утробина Е.С.",96. Актуальные вопросы образования . 2021. № 1 . С. 32-36.,Актуальные вопросы образования,https://elibrary.ru/contents.asp?id=46597936,№ 1,https://elibrary.ru/contents.asp?id=46597936&selid=46597942
707733,46597944,https://elibrary.ru/item.asp?id=46597944,ОПЫТ РАЗРАБОТКИ ОБРАЗОВАТЕЛЬНОЙ ПРОГРАММЫ МАГИСТРАТУРЫ ПО НАПРАВЛЕНИЮ ПОДГОТОВКИ 05.04.03 КАРТОГРАФИЯ И ГЕОИНФОРМАТИКА,"Пошивайло Я.Г., Колесников А.А.",97. Актуальные вопросы образования . 2021. № 1 . С. 42-45.,Актуальные вопросы образования,https://elibrary.ru/contents.asp?id=46597936,№ 1,https://elibrary.ru/contents.asp?id=46597936&selid=46597944
707733,46597945,https://elibrary.ru/item.asp?id=46597945,"РАЗРАБОТКА СЕМИНАРА ""СОВРЕМЕННЫЙ ПОДХОД К СРЕДСТВАМ ПОДГОТОВКИ И ИЗДАНИЯ НАУЧНЫХ ПУБЛИКАЦИЙ""","Рябова Н.М., Утробина Е.С., Колесников А.А.",98. Актуальные вопросы образования . 2021. № 1 . С. 46-50.,Актуальные вопросы образования,https://elibrary.ru/contents.asp?id=46597936,№ 1,https://elibrary.ru/contents.asp?id=46597936&selid=46597945
707733,46597949,https://elibrary.ru/item.asp?id=46597949,"РАЗРАБОТКА СЕМИНАРА ""ФОРМИРОВАНИЕ УМЕНИЯ ИСПОЛЬЗОВАНИЯ ОСНОВ КРИТИЧЕСКОГО МЫШЛЕНИЯ И МЕТОДОВ ГЕНЕРАЦИИ ИДЕЙ""","Утробина Е.С., Колесников А.А., Рябова Н.М.",99. Актуальные вопросы образования . 2021. № 1 . С. 63-67.,Актуальные вопросы образования,https://elibrary.ru/contents.asp?id=46597936,№ 1,https://elibrary.ru/contents.asp?id=46597936&selid=46597949
707733,46623710,https://elibrary.ru/item.asp?id=46623710,ТЕХНОЛОГИЧЕСКИЕ ПРИЕМЫ ДЛЯ РЕШЕНИЯ ОБРАЗОВАТЕЛЬНЫХ ЗАДАЧ В УСЛОВИЯХ ДИСТАНЦИОННОГО ОБРАЗОВАНИЯ,"Колесников А.А., Пошивайло Я.Г., Комиссарова Е.В.",100. Актуальные вопросы образования . 2021. № 2 . С. 196-199.,Актуальные вопросы образования,https://elibrary.ru/contents.asp?id=46623665,№ 2,https://elibrary.ru/contents.asp?id=46623665&selid=46623710
707733,46623711,https://elibrary.ru/item.asp?id=46623711,ФОРМИРОВАНИЕ У ОБУЧАЮЩИХСЯ ЗНАНИЙ И НАВЫКОВ ПРИ ПРОЕКТИРОВАНИИ И СОСТАВЛЕНИИ ОБЩЕГЕОГРАФИЧЕСКИХ КАРТ ВО ВРЕМЯ УЧЕБНОГО ПРОЦЕССА И ЛЕТНЕЙ ПРАКТИКИ,"Елшина Т.Е., Утробина Е.С., Колесников А.А., Янкелевич С.С.",101. Актуальные вопросы образования . 2021. № 2 . С. 200-204.,Актуальные вопросы образования,https://elibrary.ru/contents.asp?id=46623665,№ 2,https://elibrary.ru/contents.asp?id=46623665&selid=46623711
707733,46623672,https://elibrary.ru/item.asp?id=46623672,"СРАВНИТЕЛЬНЫЙ АНАЛИЗ ФГОС ВО 3+ И ФГОС ВО 3++ ПО НАПРАВЛЕНИЮ ПОДГОТОВКИ ""КАРТОГРАФИЯ И ГЕОИНФОРМАТИКА""","Пошивайло Я.Г., Колесников А.А.",102. Актуальные вопросы образования . 2021. № 2 . С. 34-38.,Актуальные вопросы образования,https://elibrary.ru/contents.asp?id=46623665,№ 2,https://elibrary.ru/contents.asp?id=46623665&selid=46623672
707733,46623666,https://elibrary.ru/item.asp?id=46623666,"ОПЫТ РАЗРАБОТКИ ПРОФЕССИОНАЛЬНОГО СТАНДАРТА ""СПЕЦИАЛИСТ В ОБЛАСТИ КАРТОГРАФИИ И ГЕОИНФОРМАТИКИ""","Лисицкий Д.В., Пошивайло Я.Г., Колесников А.А.",103. Актуальные вопросы образования . 2021. № 2 . С. 3-6.,Актуальные вопросы образования,https://elibrary.ru/contents.asp?id=46623665,№ 2,https://elibrary.ru/contents.asp?id=46623665&selid=46623666
707733,46663929,https://elibrary.ru/item.asp?id=46663929,АНАЛИЗ СОСТОЯНИЯ И ПЕРСПЕКТИВЫ РАЗВИТИЯ ВИЗУАЛИЗАЦИИ ПРОСТРАНСТВЕННЫХ ДАННЫХ,"Молокина Т.С., Колесников А.А.",104. Вестник СГУГиТ (Сибирского государственного университета геосистем и технологий) . 2021. Т. 26. № 4 . С. 73-82.,Вестник СГУГиТ (Сибирского государственного университета геосистем и технологий),https://elibrary.ru/contents.asp?id=46663921,№ 4,https://elibrary.ru/contents.asp?id=46663921&selid=46663929
707733,70046287,https://elibrary.ru/item.asp?id=70046287,USING A DBMS BASED ON VARIOUS DATA MODELS IN SOLVING PROBLEMS OF CARTOGRAPHY AND GEOINFORMATICS,"Kolesnikov A.A., Kikin P.M.",105. E3S Web of Conferences . 2021. Т. 310. С. 06001.,E3S Web of Conferences,https://elibrary.ru/contents.asp?id=69664823,,
707733,47333991,https://elibrary.ru/item.asp?id=47333991,РАЗРАБОТКА КОНЦЕПЦИИ ПОДГОТОВКИ КАДРОВ ДЛЯ ГЕОПРОСТРАНСТВЕННОЙ ИНДУСТРИИ В РАМКАХ СКВОЗНЫХ ТЕХНОЛОГИЙ ЦИФРОВОЙ ЭКОНОМИКИ,"Пошивайло Я.Г., Колесников А.А.",106. ИнтерКарто. ИнтерГИС . 2021. Т. 27. № 1 . С. 29-43.,ИнтерКарто. ИнтерГИС,https://elibrary.ru/contents.asp?id=47333988,№ 1,https://elibrary.ru/contents.asp?id=47333988&selid=47333991
707733,43879826,https://elibrary.ru/item.asp?id=43879826,AR СГУГИТ,"Карпик А.П., Колесников А.А., Бугаков П.Ю., Воронкин Е.Ю.","107. Свидетельство о регистрации программы для ЭВМ RU 2020614764, 24.04.2020. Заявка № 2020612072 от 26.02.2020.",,,,
707733,44244368,https://elibrary.ru/item.asp?id=44244368,BATCHCHECK,"Колесников А.А., Ершов А.В., Опритова О.А., Тараненко С.В.","108. Свидетельство о регистрации программы для ЭВМ RU 2020663833, 03.11.2020. Заявка № 2020663264 от 03.11.2020.",,,,
707733,44244369,https://elibrary.ru/item.asp?id=44244369,BATCHCLEARFOLDERS,"Колесников А.А., Ершов А.В., Опритова О.А., Тараненко С.В.","109. Свидетельство о регистрации программы для ЭВМ RU 2020663834, 03.11.2020. Заявка № 2020663270 от 03.11.2020.",,,,
707733,44244452,https://elibrary.ru/item.asp?id=44244452,BATCHTIFF,"Ершов А.В., Дубровский А.В., Колесников А.А., Беляева Н.А.","110. Свидетельство о регистрации программы для ЭВМ RU 2020663917, 05.11.2020. Заявка № 2020663347 от 05.11.2020.",,,,
707733,44244453,https://elibrary.ru/item.asp?id=44244453,BATCHTRANSFORM,"Колесников А.А., Ершов А.В., Опритова О.А., Тараненко С.В.","111. Свидетельство о регистрации программы для ЭВМ RU 2020663918, 05.11.2020. Заявка № 2020663359 от 05.11.2020.",,,,
707733,44244454,https://elibrary.ru/item.asp?id=44244454,PLANFRAMES,"Колесников А.А., Ершов А.В., Опритова О.А., Тараненко С.В.","112. Свидетельство о регистрации программы для ЭВМ RU 2020663919, 05.11.2020. Заявка № 2020663371 от 05.11.2020.",,,,
707733,44023153,https://elibrary.ru/item.asp?id=44023153,"ЭТАЛОННЫЕ ТЕСТЫ СЕМАНТИЧЕСКОЙ СЕГМЕНТАЦИИ ДАННЫХ, ПОЛУЧАЕМЫХ МЕТОДАМИ АКТИВНОГО ДИСТАНЦИОННОГО ЗОНДИРОВАНИЯ",Колесников А.А.,"113. В сборнике: РЕГИОНАЛЬНЫЕ ПРОБЛЕМЫ ДИСТАНЦИОННОГО ЗОНДИРОВАНИЯ ЗЕМЛИ. Материалы VII Международной научной конференции. Сибирский федеральный университет, Институт космических и информационных технологий. 2020. С. 92-95.",,,,
707733,44023168,https://elibrary.ru/item.asp?id=44023168,ПОСТРОЕНИЕ МОДЕЛИ ПРОГНОЗИРОВАНИЯ УРОВНЯ ВОДЫ В РЕКЕ ПО ДАННЫМ ДИСТАНЦИОННОГО ЗОНДИРОВАНИЯ ИЗ ОТКРЫТЫХ ИСТОЧНИКОВ,"Колесников А.А., Кикин П.М., Нунгессер А.Д.","114. В сборнике: РЕГИОНАЛЬНЫЕ ПРОБЛЕМЫ ДИСТАНЦИОННОГО ЗОНДИРОВАНИЯ ЗЕМЛИ. Материалы VII Международной научной конференции. Сибирский федеральный университет, Институт космических и информационных технологий. 2020. С. 95-98.",,,,
707733,45277623,https://elibrary.ru/item.asp?id=45277623,"SOCIAL MEDIA DATA PROCESSING AND ANALYSIS BY MEANS OF MACHINE LEARNING FOR RAPID DETECTION, ASSESSMENT AND MAPPING THE IMPACT OF DISASTERS","Kikin P.M., Kolesnikov A.A., Panidi E.A.","115. В сборнике: International Archives of the Photogrammetry, Remote Sensing and Spatial Information Sciences - ISPRS Archives. 24. 2020. С. 1237-1241.",,,,
707733,45321308,https://elibrary.ru/item.asp?id=45321308,"GIS-BASED INFECTIOUS DISEASE DATA MANAGEMENT ON A CITY SCALE, CASE STUDY OF ST. PETERSBURG, RUSSIA","Kuznetsov I., Panidi E., Kolesnikov A., Kikin P., Korovka V., Galkin V.","116. В сборнике: International Archives of the Photogrammetry, Remote Sensing and Spatial Information Sciences - ISPRS Archives. 24. 2020. С. 1463-1467.",,,,
707733,45265589,https://elibrary.ru/item.asp?id=45265589,"CLOUD-DESKTOP REMOTE SENSING DATA MANAGEMENT TO ENSURE TIME SERIES ANALYSIS, INTEGRATION OF QGIS AND GOOGLE EARTH ENGINE","Panidi E., Rykin I., Kikin P., Kolesnikov A.","117. В сборнике: International Archives of the Photogrammetry, Remote Sensing and Spatial Information Sciences - ISPRS Archives. 24. 2020. С. 553-557.",,,,
707733,44807760,https://elibrary.ru/item.asp?id=44807760,ИССЛЕДОВАНИЕ ВОЗМОЖНОСТЕЙ ГЕОИНФОРМАЦИОННЫХ СИСТЕМ ДЛЯ АНАЛИЗА И ПОСТРОЕНИЯ ПРОГНОЗОВ ГИДРОЛОГИЧЕСКОЙ ОБСТАНОВКИ,"Нунгессер А.Д., Колесников А.А.","118. В сборнике: Интеллектуальный потенциал Сибири. материалы 28-ой Региональной научной студенческой конференции: в 3 частях. Под. ред. Соколовой Д.О., Новосибирск, 2020. С. 450-452.",,,,
707733,44807766,https://elibrary.ru/item.asp?id=44807766,РАЗРАБОТКА НАСТЕННОЙ КАРТЫ НОВОСИБИРСКА С ИСПОЛЬЗОВАНИЕМ ОТКРЫТЫХ ИСТОЧНИКОВ ДАННЫХ,"Коломеец М.В., Цилинченко А.А., Колесников А.А., Пошивайло Я.Г.","119. В сборнике: Интеллектуальный потенциал Сибири. материалы 28-ой Региональной научной студенческой конференции: в 3 частях. Под. ред. Соколовой Д.О., Новосибирск, 2020. С. 456-458.",,,,
707733,44807794,https://elibrary.ru/item.asp?id=44807794,ПРИМЕНЕНИЕ QR-КОДОВ ДЛЯ СОЗДАНИЯ И ИСПОЛЬЗОВАНИЯ ИНТЕРАКТИВНОЙ КАРТЫ,"Байшуаков А.Т., Наумов В.Ю., Колесников А.А., Комиссарова Е.В.","120. В сборнике: Интеллектуальный потенциал Сибири. материалы 28-ой Региональной научной студенческой конференции: в 3 частях. Под. ред. Соколовой Д.О., Новосибирск, 2020. С. 475-476.",,,,
707733,44845826,https://elibrary.ru/item.asp?id=44845826,ИНТЕРАКТИВНО-ИНФОРМАЦИОННАЯ КАРТОГРАФИЯ С ИСПОЛЬЗОВАНИЕМ С QR-КОДОВ,"Байшуаков А.Т., Наумов В.Ю., Колесников А.А., Комиссарова Е.В.",121. В сборнике: Интеллектуальный потенциал Сибири. Материалы 28-ой Региональной научной студенческой конференции. В 3-х частях. Под. редакцией Д.О. Соколовой. 2020. С. 448-453.,,,,
707733,43099983,https://elibrary.ru/item.asp?id=43099983,ПРЕДПРОЕКТНЫЕ ИССЛЕДОВАНИЯ ГЕОМОДЕЛИРОВАНИЯ КОНТРОЛИРУЕМЫХ ПОКАЗАТЕЛЕЙ И СОСТАВЛЕНИЯ КАДАСТРОВОЙ КАРТЫ ГОСУДАРСТВЕННОГО РЕЕСТРА ОБЪЕКТОВ НЕГАТИВНОГО ВОЗДЕЙСТВИЯ НА ОКРУЖАЮЩУЮ СРЕДУ,"Алайская О.В., Чжэньфэн Ш., Энамул Х., Колесников А.А., Портнов А.М.",122. Естественные и технические науки . 2020. № 6 (144) . С. 110-120.,Естественные и технические науки,https://elibrary.ru/contents.asp?id=43099960,№ 6 (144),https://elibrary.ru/contents.asp?id=43099960&selid=43099983
707733,44106280,https://elibrary.ru/item.asp?id=44106280,ПРИМЕНЕНИЕ ГИС-ТЕХНОЛОГИЙ ДЛЯ ПОВЫШЕНИЯ ЭФФЕКТИВНОСТИ ИМИТАЦИОННОГО МОДЕЛИРОВАНИЯ КАСКАДОВ ГЭС,"Арестова А.Ю., Митрофанов С.В., Русина А.Г., Колесников A.А.",123. Журнал Сибирского федерального университета. Серия: Техника и технологии . 2020. Т. 13. № 6 . С. 732-744.,Журнал Сибирского федерального университета. Серия: Техника и технологии,https://elibrary.ru/contents.asp?id=44106272,№ 6,https://elibrary.ru/contents.asp?id=44106272&selid=44106280
707733,44072969,https://elibrary.ru/item.asp?id=44072969,ИСПОЛЬЗОВАНИЕ РАСПРЕДЕЛЕННЫХ СУБД ДЛЯ ОБРАБОТКИ ПРОСТРАНСТВЕННЫХ ДАННЫХ,"Колесников А.А., Комиссарова Е.В., Жданов И.В.",124. Интерэкспо Гео-Сибирь . 2020. Т. 1. № 2 . С. 82-87.,Интерэкспо Гео-Сибирь,https://elibrary.ru/contents.asp?id=44072959,№ 2,https://elibrary.ru/contents.asp?id=44072959&selid=44072969
707733,44034634,https://elibrary.ru/item.asp?id=44034634,ОСОБЕННОСТИ ПРИМЕНЕНИЯ МАРКЕРНЫХ УСЛОВНЫХ ЗНАКОВ ДЛЯ ИНТЕРАКТИВНОЙ АНАЛОГО-ЦИФРОВОЙ КАРТЫ,"Малахова О.Д., Колесников А.А., Комиссарова Е.В.",125. Интерэкспо Гео-Сибирь . 2020. Т. 6. № 2 . С. 14-19.,Интерэкспо Гео-Сибирь,https://elibrary.ru/contents.asp?id=44034631,№ 2,https://elibrary.ru/contents.asp?id=44034631&selid=44034634
707733,44034641,https://elibrary.ru/item.asp?id=44034641,МУЛЬТИМЕДИЙНАЯ СОСТАВЛЯЮЩАЯ ГЕОМОДЕЛИ ПРОГНОЗИРОВАНИЯ ЧРЕЗВЫЧАЙНЫХ СИТУАЦИЙ,"Помыткина Д.К., Колесников А.А., Комиссарова Е.В.",126. Интерэкспо Гео-Сибирь . 2020. Т. 6. № 2 . С. 59-65.,Интерэкспо Гео-Сибирь,https://elibrary.ru/contents.asp?id=44034631,№ 2,https://elibrary.ru/contents.asp?id=44034631&selid=44034641
707733,44034644,https://elibrary.ru/item.asp?id=44034644,ВОЗМОЖНОСТИ МЕТОДОВ МАШИННОГО ОБУЧЕНИЯ ДЛЯ ПРОГНОЗИРОВАНИЯ РАЗВИТИЯ ГОРОДСКИХ ТЕРРИТОРИЙ,"Сивков А.А., Колесников А.А.",127. Интерэкспо Гео-Сибирь . 2020. Т. 6. № 2 . С. 77-81.,Интерэкспо Гео-Сибирь,https://elibrary.ru/contents.asp?id=44034631,№ 2,https://elibrary.ru/contents.asp?id=44034631&selid=44034644
707733,42984398,https://elibrary.ru/item.asp?id=42984398,ИСПОЛЬЗОВАНИЕ МУЛЬТИМЕДИЙНЫХ ТЕХНОЛОГИЙ ДЛЯ ЗАДАЧ РАЗВИТИЯ ЦИФРОВОГО ОБЩЕСТВА И ЦИФРОВОЙ ЭКОНОМИКИ,"Лисицкий Д.В., Колесников А.А., Комиссарова Е.В.",128. Актуальные вопросы образования . 2020. Т. 2. С. 127-131.,Актуальные вопросы образования,https://elibrary.ru/contents.asp?id=42984367,,
707733,44326907,https://elibrary.ru/item.asp?id=44326907,"ВОЗМОЖНОСТИ ИСПОЛЬЗОВАНИЯ WEB-ТЕХНОЛОГИЙ ДЛЯ ВИЗУАЛИЗАЦИИ ДАННЫХ, ПОЛУЧАЕМЫХ С ПОМОЩЬЮ АКТИВНЫХ МЕТОДОВ ДИСТАНЦИОННОГО ЗОНДИРОВАНИЯ","Колесников А.А., Грищенко Д.В.",129. Вестник СГУГиТ (Сибирского государственного университета геосистем и технологий) . 2020. Т. 25. № 4 . С. 130-137.,Вестник СГУГиТ (Сибирского государственного университета геосистем и технологий),https://elibrary.ru/contents.asp?id=44326894,№ 4,https://elibrary.ru/contents.asp?id=44326894&selid=44326907
707733,45181183,https://elibrary.ru/item.asp?id=45181183,INTEGRATING GIS TECHNOLOGIES IN HYDRO POWER PLANT CASCADE SIMULATION MODEL,"Khalyasmaa A., Eroshenko S., Arestova A., Mitrofanov S., Rusina A., Kolesnikov A.","130. В сборнике: E3S Web of Conferences. 3. Сер. ""2020 The 3rd International Conference on Renewable Energy and Environment Engineering, REEE 2020"" 2020. С. 02006.",,,,
707733,45029835,https://elibrary.ru/item.asp?id=45029835,BUILDING A MODEL FOR PREDICTING THE WATER LEVEL IN A RIVER USING REMOTE SENSING DATA FROM OPEN SOURCES,"Kolesnikov A., Nungesser A., Kikin P.","131. В сборнике: E3S Web of Conferences. Сер. ""Regional Problems of Earth Remote Sensing, RPERS 2020"" 2020. С. 02006.",,,,
707733,44213270,https://elibrary.ru/item.asp?id=44213270,СИСТЕМЫ ОБРАБОТКИ ЕСТЕСТВЕННОГО ЯЗЫКА ДЛЯ ИЗВЛЕЧЕНИЯ ДАННЫХ И КАРТОГРАФИРОВАНИЯ НА ОСНОВЕ НЕСТРУКТУРИРОВАННЫХ БЛОКОВ ТЕКСТА,"Колесников А.А., Кикин П.М., Нико Дж., Комиссарова Е.В.",132. ИнтерКарто. ИнтерГИС . 2020. Т. 26. № 1 . С. 375-384.,ИнтерКарто. ИнтерГИС,https://elibrary.ru/contents.asp?id=44213238,№ 1,https://elibrary.ru/contents.asp?id=44213238&selid=44213270
707733,44213052,https://elibrary.ru/item.asp?id=44213052,АНАЛИЗ И ПРОГНОЗИРОВАНИЕ ПРОСТРАНСТВЕННО-ВРЕМЕННЫХ ЭКОЛОГИЧЕСКИХ ПОКАЗАТЕЛЕЙ С ИСПОЛЬЗОВАНИЕМ МЕТОДОВ МАШИННОГО ОБУЧЕНИЯ,"Кикин П.М., Колесников А.А., Портнов А.М., Грищенко Д.В.",133. ИнтерКарто. ИнтерГИС . 2020. Т. 26. № 3 . С. 53-61.,ИнтерКарто. ИнтерГИС,https://elibrary.ru/contents.asp?id=44213047,№ 3,https://elibrary.ru/contents.asp?id=44213047&selid=44213052
707733,44108085,https://elibrary.ru/item.asp?id=44108085,К ВОПРОСУ О МЕТОДИКЕ ПРОГНОЗИРОВАНИЯ РАЗВИТИЯ УРБАНИЗИРОВАННЫХ ТЕРРИТОРИЙ НА ОСНОВЕ ГЕОДАННЫХ И ТЕХНОЛОГИЙ МАШИННОГО ОБУЧЕНИЯ,"Сивков А.А., Грищенко Д.В., Колесников А.А.","134. Регулирование земельно-имущественных отношений в России: правовое и геопространственное обеспечение, оценка недвижимости, экология, технологические решения . 2020. Т. 2. С. 46-50.","Регулирование земельно-имущественных отношений в России: правовое и геопространственное обеспечение, оценка недвижимости, экология, технологические решения",https://elibrary.ru/contents.asp?id=44108077,,
707733,44108088,https://elibrary.ru/item.asp?id=44108088,СЕГМЕНТАЦИЯ КОСМИЧЕСКИХ СНИМКОВ ПРИ ПОМОЩИ АЛГОРИТМОВ МАШИННОГО ОБУЧЕНИЯ И НЕЙРОННЫХ СЕТЕЙ,"Грищенко Д.В., Сивков А.А., Колесников А.А.","135. Регулирование земельно-имущественных отношений в России: правовое и геопространственное обеспечение, оценка недвижимости, экология, технологические решения . 2020. Т. 2. С. 59-63.","Регулирование земельно-имущественных отношений в России: правовое и геопространственное обеспечение, оценка недвижимости, экология, технологические решения",https://elibrary.ru/contents.asp?id=44108077,,
707733,41365080,https://elibrary.ru/item.asp?id=41365080,"СПОСОБ ОПРЕДЕЛЕНИЯ МЕСТОПОЛОЖЕНИЯ, КООРДИНАТ ТОЧЕК, ГЕОМЕТРИЧЕСКИХ И СЕМАНТИЧЕСКИХ ХАРАКТЕРИСТИК КАРТОГРАФИЧЕСКИХ ОБЪЕКТОВ В ИНТЕРАКТИВНОМ РЕЖИМЕ ПРИ РАБОТЕ С ТРАДИЦИОННОЙ КАРТОЙ В УСЛОВИЯХ ОТСУТСТВИЯ СВЯЗИ ДЛЯ ПЕРЕДАЧИ ЦИФРОВЫХ ДАННЫХ","Лисицкий Д.В., Комиссарова Е.В., Колесников А.А.","136. Патент на изобретение RU 2706465 C1, 19.11.2019. Заявка № 2019111792 от 18.04.2019.",,,,
707733,41897585,https://elibrary.ru/item.asp?id=41897585,ИСПОЛЬЗОВАНИЕ ЧЕТЫРЕХМЕРНЫХ СВЕРТОЧНЫХ НЕЙРОННЫХ СЕТЕЙ ДЛЯ АВТОМАТИЗАЦИИ ПОСТРОЕНИЯ МОДЕЛЕЙ МЕСТНОСТИ,"Колесников А.А., Кикин П.М.",137. В сборнике: МАРЧУКОВСКИЕ НАУЧНЫЕ ЧТЕНИЯ - 2019. Тезисы Международной конференции. 2019. С. 130.,,,,
707733,45394665,https://elibrary.ru/item.asp?id=45394665,PRODUCTION LOG TES PLANNING BASED ON THE METOD OF VALUE OF INFORMATION,"Valiakhmetova A.R., Paveleva Y.N., Kikin P.M., Iliasova O.S., Kolesnikov A.A.","138. В сборнике: GEOMODEL 2019 - 21st Conference on Oil and Gas Geological Exploration and Development. Gelendzhik, 2019. С. 201950127.",,,,
707733,42409403,https://elibrary.ru/item.asp?id=42409403,ИСПОЛЬЗОВАНИЕ ЧЕТЫРЕХМЕРНЫХ СВЕРТОЧНЫХ НЕЙРОННЫХ СЕТЕЙ ДЛЯ АВТОМАТИЗАЦИИ ПОСТРОЕНИЯ МОДЕЛЕЙ МЕСТНОСТИ,"Колесников А.А., Кикин П.М.",139. В сборнике: Марчуковские научные чтения - 2019. Труды Международной конференции. 2019. С. 240-245.,,,,
707733,41310765,https://elibrary.ru/item.asp?id=41310765,ПРЕПОДАВАНИЕ СОВРЕМЕННЫХ МЕТОДОВ ОБРАБОТКИ ДАННЫХ В РАМКАХ ДИСЦИПЛИН НАПРАВЛЕНИЙ ГЕОИНФОРМАТИКА И КАРТОГРАФИЯ,Колесников А.А.,140. В сборнике: ПРЕПОДАВАНИЕ ИНФОРМАЦИОННЫХ ТЕХНОЛОГИЙ В РОССИЙСКОЙ ФЕДЕРАЦИИ. Материалы Семнадцатой открытой Всероссийской конференции. Ответственный редактор А. В. Альминдеров. 2019. С. 315-317.,,,,
707733,41376589,https://elibrary.ru/item.asp?id=41376589,ПРОГНОЗИРОВАНИЕ РАСПРОСТРАНЕНИЯ БОЛЕЗНЕЙ В ТРОПИЧЕСКИХ ЗОНАХ С ПОМОЩЬЮ МЕТОДОВ МАШИННОГО ОБУЧЕНИЯ,"Колесников А.А., Кикин П.М.",141. В сборнике: Обработка пространственных данных в задачах мониторинга природных и антропогенных процессов (SDM-2019). Сборник трудов всероссийской конференции с международным участием. 2019. С. 371-376.,,,,
707733,41313824,https://elibrary.ru/item.asp?id=41313824,ПРОСТРАНСТВЕННО-ВРЕМЕННОЕ МОДЕЛИРОВАНИЕ ЭКОЛОГИЧЕСКИХ ПОКАЗАТЕЛЕЙ С ИСПОЛЬЗОВАНИЕМ МЕТОДОВ МАШИННОГО ОБУЧЕНИЯ,"Колесников А.А., Кикин П.М.",142. В сборнике: Тезисы XX Всероссийской конференции молодых учёных по математическому моделированию и информационным технологиям. 2019. С. 61-62.,,,,
707733,37393508,https://elibrary.ru/item.asp?id=37393508,ПРОБЛЕМЫ И ПЕРСПЕКТИВЫ ИСПОЛЬЗОВАНИЯ СИСТЕМ ИСКУССТВЕННОГО ИНТЕЛЛЕКТА ДЛЯ ОБРАБОТКИ ПРОСТРАНСТВЕННЫХ ДАННЫХ,"Колесников А.А., Криволуцкая Т.С.","143. В сборнике: Геодезия, землеустройство и кадастры: проблемы и перспективы развития, посвященная 100-летию советской геодезии и картографии. Сборник материалов I Международной научно-практической конференции. 2019. С. 71-74.",,,,
707733,43248371,https://elibrary.ru/item.asp?id=43248371,FORECASTING THE DISTRIBUTION OF DISEASES IN TROPICAL ZONES USING MACHINE LEARNING METHODS,"Kolesnikov A.A., Kikin P.M.","144. В сборнике: CEUR Workshop Proceedings. SDM 2019 - Proceedings of the All-Russian Conference ""Spatial Data Processing for Monitoring of Natural and Anthropogenic Processes"". 2019. С. 371-376.",,,,
707733,41713136,https://elibrary.ru/item.asp?id=41713136,"USE OF MACHINE LEARNING TECHNIQUES FOR RAPID DETECTION, ASSESSMENT AND MAPPING THE IMPACT OF DISASTERS ON TRANSPORT INFRASTRUCTURE","Kikin P.M., Kolesnikov A.A., Portnov A.M.","145. В сборнике: International Archives of the Photogrammetry, Remote Sensing and Spatial Information Sciences - ISPRS Archives. 2019. С. 195-200.",,,,
707733,41714738,https://elibrary.ru/item.asp?id=41714738,DISEASES SPREAD PREDICTION IN TROPICAL AREAS BY MACHINE LEARNING METHODS ENSEMBLING AND SPATIAL ANALYSIS TECHNIQUES,"Kolesnikov A.A., Kikin P.M., Portnov A.M.","146. В сборнике: International Archives of the Photogrammetry, Remote Sensing and Spatial Information Sciences - ISPRS Archives. 2019. С. 221-226.",,,,
707733,41410781,https://elibrary.ru/item.asp?id=41410781,СОЗДАНИЕ КАРТЫ ЗАСЕЛЕНИЯ ДОВОЛЕНСКОГО РАЙОНА НОВОСИБИРСКОЙ ОБЛАСТИ С ПРИМЕНЕНИЕМ QR-КОДОВ,"Байшуаков А.Т., Колесников А.А., Комиссарова Е.В.",147. В сборнике: Интеллектуальный потенциал Сибири. 27-я Региональная научная студенческая конференция: сборник научных трудов. В 2-х частях. Под редакцией Д.О. Соколовой. 2019. С. 307-309.,,,,
707733,41410799,https://elibrary.ru/item.asp?id=41410799,ПРИМЕНЕНИЕ QR-КОДОВ В КАРТОГРАФИИ,"Кузнецов С.А., Сотникова А.Ю., Колесников А.А.",148. В сборнике: Интеллектуальный потенциал Сибири. 27-я Региональная научная студенческая конференция: сборник научных трудов. В 2-х частях. Под редакцией Д.О. Соколовой. 2019. С. 341-343.,,,,
707733,41670673,https://elibrary.ru/item.asp?id=41670673,ПРИМЕНЕНИЕ QR-КОДОВ В КАРТОГРАФИИ,"Кузнецов С.А., Сотникова А.Ю., Колесников А.А.",149. В сборнике: Интеллектуальный потенциал Сибири. 27-я Региональная научная студенческая конференция: в 3 частях. 2019. С. 315-319.,,,,
707733,41217742,https://elibrary.ru/item.asp?id=41217742,РАСШИРЕНИЕ ИНФОРМАЦИОННОЙ ЕМКОСТИ ТРАДИЦИОННЫХ КАРТ С ПОМОЩЬЮ QR-КОДОВ,"Лисицкий Д.В., Колесников А.А., Комиссарова Е.В., Сотникова А.Ю.",150. Интерэкспо Гео-Сибирь . 2019. Т. 1. № 2 . С. 102-110.,Интерэкспо Гео-Сибирь,https://elibrary.ru/contents.asp?id=41217728,№ 2,https://elibrary.ru/contents.asp?id=41217728&selid=41217742
707733,41217747,https://elibrary.ru/item.asp?id=41217747,НОВЫЙ ВИД ИНТЕРАКТИВНОГО КАРТОГРАФИЧЕСКОГО ПРОИЗВЕДЕНИЯ,"Лисицкий Д.В., Колесников А.А., Комиссарова Е.В., Кузнецов С.А.",151. Интерэкспо Гео-Сибирь . 2019. Т. 1. № 2 . С. 145-152.,Интерэкспо Гео-Сибирь,https://elibrary.ru/contents.asp?id=41217728,№ 2,https://elibrary.ru/contents.asp?id=41217728&selid=41217747
707733,42513850,https://elibrary.ru/item.asp?id=42513850,АНАЛИЗ ФУНКЦИОНАЛЬНЫХ ВОЗМОЖНОСТЕЙ ОФИСНЫХ ПРИЛОЖЕНИЙ ДЛЯ ВИЗУАЛИЗАЦИИ И ОЦЕНКИ ГЕОДАННЫХ,"Бугаков П.Ю., Колесников А.А.",152. Вестник СГУГиТ (Сибирского государственного университета геосистем и технологий) . 2019. Т. 24. № 4 . С. 104-119.,Вестник СГУГиТ (Сибирского государственного университета геосистем и технологий),https://elibrary.ru/contents.asp?id=42513841,№ 4,https://elibrary.ru/contents.asp?id=42513841&selid=42513850
707733,41155828,https://elibrary.ru/item.asp?id=41155828,ОТБОР КАРТОГРАФИЧЕСКИХ ПАРАМЕТРОВ ДЛЯ ПОСТРОЕНИЯ МАТЕМАТИЧЕСКОЙ МОДЕЛИ ПРОГНОЗИРОВАНИЯ ТИПОВ РАСТИТЕЛЬНОГО ПОКРОВА,"Колесников А.А., Комиссарова Е.В., Криволуцкая Т.С., Грищенко Д.В.","153. Регулирование земельно-имущественных отношений в России: правовое и геопространственное обеспечение, оценка недвижимости, экология, технологические решения . 2019. Т. 1. С. 134-138.","Регулирование земельно-имущественных отношений в России: правовое и геопространственное обеспечение, оценка недвижимости, экология, технологические решения",https://elibrary.ru/contents.asp?id=41155801,,
707733,41155829,https://elibrary.ru/item.asp?id=41155829,ИСПОЛЬЗОВАНИЕ SERVERLESS-ТЕХНОЛОГИЙ ДЛЯ ОБРАБОТКИ ПРОСТРАНСТВЕННОЙ ИНФОРМАЦИИ,"Комиссарова Е.В., Колесников А.А., Малахова О.Д., Помыткина Д.К.","154. Регулирование земельно-имущественных отношений в России: правовое и геопространственное обеспечение, оценка недвижимости, экология, технологические решения . 2019. Т. 1. С. 139-142.","Регулирование земельно-имущественных отношений в России: правовое и геопространственное обеспечение, оценка недвижимости, экология, технологические решения",https://elibrary.ru/contents.asp?id=41155801,,
707733,39290083,https://elibrary.ru/item.asp?id=39290083,ВИРТУАЛЬНАЯ МОДЕЛЬ ЦЕНТРАЛЬНОЙ ЧАСТИ Г. НОВОСИБИРСКА,"Колесников А.А., Кикин П.М.","155. Свидетельство о регистрации программы для ЭВМ RU 2018611021, 22.01.2018. Заявка № 2017662413 от 30.11.2017.",,,,
707733,39290084,https://elibrary.ru/item.asp?id=39290084,QPOINTNET,"Кикин П.М., Колесников А.А.","156. Свидетельство о регистрации программы для ЭВМ RU 2018611022, 22.01.2018. Заявка № 2017662415 от 30.11.2017.",,,,
707733,39290085,https://elibrary.ru/item.asp?id=39290085,МОДУЛЬ EUNIVER ПОМЕЩЕНИЯ,"Кикин П.М., Колесников А.А.","157. Свидетельство о регистрации программы для ЭВМ RU 2018611023, 22.01.2018. Заявка № 2017662416 от 30.11.2017.",,,,
707733,39290194,https://elibrary.ru/item.asp?id=39290194,"ВИРТУАЛЬНЫЙ ТРЕХМЕРНЫЙ ТУР ПО ""СГУГИТ""","Кикин П.М., Колесников А.А.","158. Свидетельство о регистрации программы для ЭВМ RU 2018611131, 24.01.2018. Заявка № 2017662401 от 30.11.2017.",,,,
707733,39290242,https://elibrary.ru/item.asp?id=39290242,QSPARQL,"Колесников А.А., Кикин П.М.","159. Свидетельство о регистрации программы для ЭВМ RU 2018611179, 24.01.2018. Заявка № 2017662399 от 30.11.2017.",,,,
707733,39290243,https://elibrary.ru/item.asp?id=39290243,ВИРТУАЛЬНЫЙ КАРТОГРАФИЧЕСКИЙ КВЕСТ К ДНЮ ГОРОДА,"Колесников А.А., Кикин П.М.","160. Свидетельство о регистрации программы для ЭВМ RU 2018611180, 24.01.2018. Заявка № 2017662394 от 30.11.2017.",,,,
707733,39290244,https://elibrary.ru/item.asp?id=39290244,МОДУЛЬ EUNIVER ОБЩЕЖИТИЕ,"Колесников А.А., Кикин П.М.","161. Свидетельство о регистрации программы для ЭВМ RU 2018611181, 24.01.2018. Заявка № 2017662391 от 30.11.2017.",,,,
707733,39290246,https://elibrary.ru/item.asp?id=39290246,ARDRIVE,"Кикин П.М., Колесников А.А., Верба И.Н.","162. Свидетельство о регистрации программы для ЭВМ RU 2018611183, 24.01.2018. Заявка № 2017662381 от 30.11.2017.",,,,
707733,39290294,https://elibrary.ru/item.asp?id=39290294,"ВИРТУАЛЬНЫЙ СТЕНД ""СГУГИТ""","Кикин П.М., Колесников А.А.","163. Свидетельство о регистрации программы для ЭВМ RU 2018611230, 26.01.2018. Заявка № 2017662407 от 30.11.2017.",,,,
707733,39290295,https://elibrary.ru/item.asp?id=39290295,"ВИРТУАЛЬНЫЙ ПАНОРАМНЫЙ ТУР ПО"" СГУГИТ""","Колесников А.А., Кикин П.М., Грищенко Д.В.","164. Свидетельство о регистрации программы для ЭВМ RU 2018611231, 26.01.2018. Заявка № 2017662410 от 30.11.2017.",,,,
707733,35468162,https://elibrary.ru/item.asp?id=35468162,АНАЛИЗ И ОБРАБОТКА ДАННЫХ ДИСТАНЦИОННОГО ЗОНДИРОВАНИЯ ЗЕМЛИ МЕТОДАМИ МАШИННОГО ОБУЧЕНИЯ,"Колесников А.А., Кикин П.М., Комиссарова Е.В., Грищенко Д.В.","165. В сборнике: Региональные проблемы дистанционного зондирования Земли. Материалы V Международной научной конференции. Сибирский федеральный университет, Институт космических и информационных технологий. 2018. С. 130-134.",,,,
707733,36751266,https://elibrary.ru/item.asp?id=36751266,ИСПОЛЬЗОВАНИЕ ТЕХНОЛОГИЙ МАШИННОГО ОБУЧЕНИЯ ДЛЯ ПРОСТРАНСТВЕННО-ВРЕМЕННОГО ПРОГНОЗИРОВАНИЯ,Колесников А.А.,166. В сборнике: Национальная картографическая конференция - 2018. Сборник тезисов Всероссийской научной конференции. 2018. С. 134-135.,,,,
707733,35321549,https://elibrary.ru/item.asp?id=35321549,ПРЕПОДАВАНИЕ ТЕХНОЛОГИЙ МАШИННОГО ОБУЧЕНИЯ В РАМКАХ ДИСЦИПЛИН НАПРАВЛЕНИЙ ГЕОИНФОРМАТИКА И КАРТОГРАФИЯ,Колесников А.А.,167. В сборнике: Преподавание информационных технологий в Российской Федерации. Материалы Шестнадцатой открытой Всероссийской конференции. 2018. С. 60-62.,,,,
707733,35194005,https://elibrary.ru/item.asp?id=35194005,СОЗДАНИЕ 3D-МОДЕЛЕЙ ИСТОРИЧЕСКИХ ДОСТОПРИМЕЧАТЕЛЬНОСТЕЙ ДЛЯ ТУРИСТСКИХ КАРТ,"Колесников А.А., Касьянова Е.Л., Сыдыкова К.Р.",168. Вестник СГУГиТ (Сибирского государственного университета геосистем и технологий) . 2018. Т. 23. № 2 . С. 81-91.,Вестник СГУГиТ (Сибирского государственного университета геосистем и технологий),https://elibrary.ru/contents.asp?id=35193998,№ 2,https://elibrary.ru/contents.asp?id=35193998&selid=35194005
707733,36529910,https://elibrary.ru/item.asp?id=36529910,ИСПОЛЬЗОВАНИЕ ТЕХНОЛОГИЙ МАШИННОГО ОБУЧЕНИЯ ПРИ РЕШЕНИИ ГЕОИНФОРМАЦИОННЫХ ЗАДАЧ,"Колесников А.А., Кикин П.М., Комиссарова Е.В., Касьянова Е.Л.",169. ИнтерКарто. ИнтерГИС . 2018. Т. 24. № 2 . С. 371-384.,ИнтерКарто. ИнтерГИС,https://elibrary.ru/contents.asp?id=36529876,№ 2,https://elibrary.ru/contents.asp?id=36529876&selid=36529910
707733,36529912,https://elibrary.ru/item.asp?id=36529912,USING THE SYNERGY METHOD FOR IMPROVEMENT OF THE ACCURACY OF LOCATION BASED AUGMENTED REALITY,"Kolesnikov A.A., Kikin P.M., Seredovich S.V.",170. InterCarto. InterGIS . 2018. Т. 24. № 2 . С. 396-405.,InterCarto. InterGIS,https://elibrary.ru/contents.asp?id=36529876,№ 2,https://elibrary.ru/contents.asp?id=36529876&selid=36529912
707733,35655174,https://elibrary.ru/item.asp?id=35655174,ОСОБЕННОСТЬ КАДАСТРОВОЙ КАРТЫ С МУЛЬТИМЕДИЙНЫМИ ЭЛЕМЕНТАМИ И ЕЕ РОЛЬ В РАЗВИТИИ ГЕОДЕЗИИ И ДИСТАНЦИОННОГО ЗОНДИРОВАНИЯ,"Комиссарова Е.В., Колесников А.А., Бойко А.Ю.","171. Регулирование земельно-имущественных отношений в России: правовое и геопространственное обеспечение, оценка недвижимости, экология, технологические решения . 2018. Т. 2. С. 178-182.","Регулирование земельно-имущественных отношений в России: правовое и геопространственное обеспечение, оценка недвижимости, экология, технологические решения",https://elibrary.ru/contents.asp?id=35655115,,
707733,39361657,https://elibrary.ru/item.asp?id=39361657,ПМУПАСК,"Лисицкий Д.В., Янкелевич С.С., Колесников А.А., Женибекова А.Б.","172. Свидетельство о регистрации программы для ЭВМ RU 2017612958, 07.03.2017. Заявка № 2016663051 от 30.11.2016.",,,,
707733,35201944,https://elibrary.ru/item.asp?id=35201944,ИСПОЛЬЗОВАНИЕ МАШИННОГО ОБУЧЕНИЯ ДЛЯ ПОСТРОЕНИЯ КАРТОГРАФИЧЕСКИХ ИЗОБРАЖЕНИЙ,"Колесников А.А., Кикин П.М., Комиссарова Е.В., Грищенко Д.В.",173. В сборнике: От карты прошлого - к карте будущего. Сборник научных трудов. В 3-х томах. Ответственный редактор С.В. Пьянков. 2017. С. 108-118.,,,,
707733,35201941,https://elibrary.ru/item.asp?id=35201941,АНАЛИЗ ДАННЫХ ДАТЧИКОВ СМАРТФОНА ПРИ РАЗРАБОТКЕ ПРИЛОЖЕНИЯ ГЕОПОЗИЦИОННОЙ ДОПОЛНЕННОЙ РЕАЛЬНОСТИ,"Кикин П.М., Колесников А.А., Комиссарова Е.В., Грищенко Д.В.",174. В сборнике: От карты прошлого - к карте будущего. Сборник научных трудов. В 3-х томах. Ответственный редактор С.В. Пьянков. 2017. С. 93-103.,,,,
707733,29129418,https://elibrary.ru/item.asp?id=29129418,ИСПОЛЬЗОВАНИЕ ОТКРЫТЫХ СЕМАНТИЧЕСКИХ БАЗ ДАННЫХ ДЛЯ ПОЛУЧЕНИЯ ПРОСТРАНСТВЕННОЙ ИНФОРМАЦИИ,"Колесников А.А., Кикин П.М., Комиссарова Е.В.",175. Интерэкспо Гео-Сибирь . 2017. Т. 1. № 2 . С. 53-57.,Интерэкспо Гео-Сибирь,https://elibrary.ru/contents.asp?id=34477419,№ 2,https://elibrary.ru/contents.asp?id=34477419&selid=29129418
707733,29129408,https://elibrary.ru/item.asp?id=29129408,ПРИНЦИПЫ ОБРАЗНО-ЗНАКОВОГО МОДЕЛИРОВАНИЯ ОБЪЕКТОВ ПРИ СОЗДАНИИ ПЕРСПЕКТИВНЫХ КАРТ,"Бугаков П.Ю., Колесников А.А.",176. Интерэкспо Гео-Сибирь . 2017. Т. 1. № 2 . С. 9-13.,Интерэкспо Гео-Сибирь,https://elibrary.ru/contents.asp?id=34477419,№ 2,https://elibrary.ru/contents.asp?id=34477419&selid=29129408
707733,29436801,https://elibrary.ru/item.asp?id=29436801,ИСТОЧНИКИ ОТКРЫТЫХ ГЕОПРОСТРАНСТВЕННЫХ ДАННЫХ И СПОСОБЫ ИХ ИСПОЛЬЗОВАНИЯ,"Колесников А.А., Степаненко А.Э.",177. Интерэкспо Гео-Сибирь . 2017. Т. 9. № 2 . С. 18-21.,Интерэкспо Гео-Сибирь,https://elibrary.ru/contents.asp?id=34487540,№ 2,https://elibrary.ru/contents.asp?id=34487540&selid=29436801
707733,29436802,https://elibrary.ru/item.asp?id=29436802,СБОР ПРОСТРАНСТВЕННЫХ ДАННЫХ С ИСПОЛЬЗОВАНИЕМ МОБИЛЬНЫХ УСТРОЙСТВ,"Колесников А.А., Матюшин П.М.",178. Интерэкспо Гео-Сибирь . 2017. Т. 9. № 2 . С. 22-25.,Интерэкспо Гео-Сибирь,https://elibrary.ru/contents.asp?id=34487540,№ 2,https://elibrary.ru/contents.asp?id=34487540&selid=29436802
707733,30037541,https://elibrary.ru/item.asp?id=30037541,ТЕОРЕТИЧЕСКИЕ ОСНОВЫ И ОСОБЕННОСТИ МУЛЬТИМЕДИЙНОЙ КАРТОГРАФИИ,"Лисицкий Д.В., Комиссарова Е.В., Колесников А.А.",179. Вестник СГУГиТ (Сибирского государственного университета геосистем и технологий) . 2017. Т. 22. № 3 . С. 72-87.,Вестник СГУГиТ (Сибирского государственного университета геосистем и технологий),https://elibrary.ru/contents.asp?id=34536345,№ 3,https://elibrary.ru/contents.asp?id=34536345&selid=30037541
707733,27100236,https://elibrary.ru/item.asp?id=27100236,DEVELOPMENT OF MAPPING APPLICATIONS FOR MOBILE DEVICES,"Kolesnikov A.A., Kikin P.M.","182. В сборнике: International Archives of the Photogrammetry, Remote Sensing and Spatial Information Sciences - ISPRS Archives. 23. Сер. ""23rd ISPRS Congress, Commission VI"" 2016. С. 165-168.",,,,
707733,27481326,https://elibrary.ru/item.asp?id=27481326,СОЗДАНИЕ ВИРТУАЛЬНОЙ ПЛАТФОРМЫ ДЛЯ ПРОВЕДЕНИЯ ЭКСПЕРИМЕНТОВ (VIPA),"Пацан А.В., Колесников А.А.",183. В сборнике: НАУКА. ТЕХНОЛОГИИ. ИННОВАЦИИ. сборник научных трудов: в 9 частях. 2016. С. 186-188.,,,,
707733,25956151,https://elibrary.ru/item.asp?id=25956151,СОЗДАНИЕ ВИРТУАЛЬНЫХ МОДЕЛЕЙ МЕСТНОСТИ И ЗДАНИЙ,"Колесников А.А., Кикин П.М., Комиссарова Е.В.",184. Интерэкспо Гео-Сибирь . 2016. № 7 . С. 45-49.,Интерэкспо Гео-Сибирь,https://elibrary.ru/contents.asp?id=34235499,№ 7,https://elibrary.ru/contents.asp?id=34235499&selid=25956151
707733,25956113,https://elibrary.ru/item.asp?id=25956113,ДВУХМЕРНЫЕ АНИМАЦИОННЫЕ КАРТОГРАФИЧЕСКИЕ ПРОИЗВЕДЕНИЯ,"Лисицкий Д.В., Комиссарова Е.В., Колесников А.А., Шарыпова М.Н.",185. Интерэкспо Гео-Сибирь . 2016. Т. 1. № 1 . С. 100-105.,Интерэкспо Гео-Сибирь,https://elibrary.ru/contents.asp?id=34235498,№ 1,https://elibrary.ru/contents.asp?id=34235498&selid=25956113
707733,25956134,https://elibrary.ru/item.asp?id=25956134,СПОСОБЫ НАВИГАЦИИ ПРИ ИСПОЛЬЗОВАНИИ УСТРОЙСТВ ВИРТУАЛЬНОЙ РЕАЛЬНОСТИ,"Кикин П.М., Колесников А.А., Касьянова Е.Л., Радченко Л.К.",186. Интерэкспо Гео-Сибирь . 2016. Т. 1. № 1 . С. 195-199.,Интерэкспо Гео-Сибирь,https://elibrary.ru/contents.asp?id=34235498,№ 1,https://elibrary.ru/contents.asp?id=34235498&selid=25956134
707733,27441408,https://elibrary.ru/item.asp?id=27441408,АНИМАЦИОННАЯ КАРТОГРАФИЯ - ОДНО ИЗ ПЕРСПЕКТИВНЫХ НАПРАВЛЕНИЙ КАРТОГРАФИЧЕСКОЙ НАУКИ И ПРАКТИКИ В СОВРЕМЕННЫХ УСЛОВИЯХ КАРТОГРАФИРОВАНИЯ ДИНАМИКИ ПРОЦЕССОВ И ЯВЛЕНИЙ,"Лисицкий Д.В., Комиссарова Е.В., Колесников А.А., Шарыпова М.Н.",187. ИнтерКарто. ИнтерГИС . 2016. Т. 22. № 1 . С. 213-220.,ИнтерКарто. ИнтерГИС,https://elibrary.ru/contents.asp?id=34336798,№ 1,https://elibrary.ru/contents.asp?id=34336798&selid=27441408
707733,26408952,https://elibrary.ru/item.asp?id=26408952,ПРАКТИКА ОРГАНИЗАЦИИ СТУДЕНЧЕСКОГО БИЗНЕС-ИНКУБАТОРА В ОБЛАСТИ IT. ОПЫТ СГУГИТ,"Кикин П.М., Колесников А.А.","188. В сборнике: Современные информационные технологии и ИТ-образование. Сборник научных трудов. Московский государственный университет имени М.В. Ломоносова, факультет вычислительной математики и кибернетики; Под редакцией В.А. Сухомлина. 2015. С. 174-177.",,,,
707733,25571050,https://elibrary.ru/item.asp?id=25571050,"МУЛЬТИМЕДИЙНЫЙ ИНТЕРАКТИВНЫЙ АТЛАС ""ИСТОРИЧЕСКИЙ НОВОСИБИРСК""","Колесников А.А., Кикин П.М.","190. В сборнике: Экология. Экономика. Информатика. Сборник статей в 3 томах. Российский фонд фундаментальных исследований, Южный федеральный университет, Институт математики, механики и компьютерных наук имени Воровича И.И., Институт аридных зон, Южный научный центр Российской академии наук. Ростов-на-Дону, 2015. С. 249-256.",,,,
707733,25030215,https://elibrary.ru/item.asp?id=25030215,ОЦЕНКА НАПРАВЛЕНИЙ И ТЕНДЕНЦИЙ РАЗВИТИЯ СОВРЕМЕННОЙ КАРТОГРАФИИ,"Лисицкий Д.В., Комиссарова Е.В., Колесников А.А., Шарыпова М.Н.",191. Геодезия и картография . 2015. № 11 . С. 59-64.,Геодезия и картография,https://elibrary.ru/contents.asp?id=34190636,№ 11,https://elibrary.ru/contents.asp?id=34190636&selid=25030215
707733,23574805,https://elibrary.ru/item.asp?id=23574805,К ВОПРОСУ О СПОСОБЕ ХРАНЕНИЯ ПРОСТРАНСТВЕННЫХ ОБЪЕКТОВ ДЛЯ АНИМАЦИОННЫХ КАРТ,"Колесников А.А., Комиссарова Е.В., Шарыпова М.Н.",192. Интерэкспо Гео-Сибирь . 2015. Т. 1. № 2 . С. 29-32.,Интерэкспо Гео-Сибирь,https://elibrary.ru/contents.asp?id=34075409,№ 2,https://elibrary.ru/contents.asp?id=34075409&selid=23574805
707733,23574807,https://elibrary.ru/item.asp?id=23574807,СОВРЕМЕННАЯ ИНТЕРАКТИВНАЯ КАРТА ДЛЯ УЧЕБНЫХ ЦЕЛЕЙ И ЕЕ МЕСТО В КЛАССИФИКАЦИИ ЭЛЕКТРОННО-ЦИФРОВЫХ КАРТ,"Молокина Т.С., Колесников А.А., Комиссарова Е.В.",193. Интерэкспо Гео-Сибирь . 2015. Т. 1. № 2 . С. 37-40.,Интерэкспо Гео-Сибирь,https://elibrary.ru/contents.asp?id=34075409,№ 2,https://elibrary.ru/contents.asp?id=34075409&selid=23574807
707733,23402042,https://elibrary.ru/item.asp?id=23402042,ИСПОЛЬЗОВАНИЕ ДИФФЕРЕНЦИРОВАННЫХ ХАРАКТЕРИСТИК ПРИ ВЫЧИСЛЕНИИ КАДАСТРОВОЙ СТОИМОСТИ ЗЕМЕЛЬ НАСЕЛЕННЫХ ПУНКТОВ С ПРИМЕНЕНИЕМ ОТКРЫТЫХ ГЕОДАННЫХ,"Ильиных А.Л., Киселева А.О., Колесников А.А.",194. Интерэкспо Гео-Сибирь . 2015. Т. 3. № 3 . С. 121-126.,Интерэкспо Гео-Сибирь,https://elibrary.ru/contents.asp?id=34068787,№ 3,https://elibrary.ru/contents.asp?id=34068787&selid=23402042
707733,24950602,https://elibrary.ru/item.asp?id=24950602,DEVELOPMENT OF MAPPING APPLICATIONS FOR MOBILE DEVICES,"Lisitsky D.V., Komissarova E.V., Kolesnikov A.A., Kikin P.M.",195. International Journal of Applied Engineering Research . 2015. Т. 10. № 17 . С. 37196-37198.,International Journal of Applied Engineering Research,https://elibrary.ru/contents.asp?id=34185831,№ 17,https://elibrary.ru/contents.asp?id=34185831&selid=24950602
707733,27413959,https://elibrary.ru/item.asp?id=27413959,НАУЧНО-ИССЛЕДОВАТЕЛЬСКАЯ РАБОТА СТУДЕНЧЕСКОЙ ЛАБОРАТОРИИ МУЛЬТИМЕДИЙНОГО И WEB-КАРТОГРАФИРОВАНИЯ,"Колесников А.А., Комиссарова Е.В., Кикин П.М., Шарыпова М.Н.",196. Актуальные вопросы образования . 2015. № 1 . С. 100-103.,Актуальные вопросы образования,https://elibrary.ru/contents.asp?id=34336159,№ 1,https://elibrary.ru/contents.asp?id=34336159&selid=27413959
707733,27413978,https://elibrary.ru/item.asp?id=27413978,"ПРИМЕНЕНИЕ WEB-ТЕХНОЛОГИЙ ДЛЯ ПОДГОТОВКИ БАКАЛАВРОВ ПО НАПРАВЛЕНИЮ ""КАРТОГРАФИЯ И ГЕОИНФОРМАТИКА""","Колесников А.А., Кикин П.М., Комиссарова Е.В., Касьянова Е.Л.",197. Актуальные вопросы образования . 2015. № 1 . С. 181-185.,Актуальные вопросы образования,https://elibrary.ru/contents.asp?id=34336159,№ 1,https://elibrary.ru/contents.asp?id=34336159&selid=27413978
707733,30075522,https://elibrary.ru/item.asp?id=30075522,ОСОБЕННОСТИ РАЗРАБОТКИ КАРТОГРАФИЧЕСКИХ ПРИЛОЖЕНИЙ ДЛЯ МОБИЛЬНЫХ УСТРОЙСТВ,"Колесников А.А., Кикин П.М.",198. ИнтерКарто. ИнтерГИС . 2015. Т. 21. С. 492-495.,ИнтерКарто. ИнтерГИС,https://elibrary.ru/contents.asp?id=34537715,,
707733,21701279,https://elibrary.ru/item.asp?id=21701279,МУЛЬТИМЕДИЙНОЕ НАПРАВЛЕНИЕ В КАРТОГРАФИИ,"Лисицкий Д.В., Колесников А.А., Комиссарова Е.В., Бугаков П.Ю., Писарев В.С.",199. Известия высших учебных заведений. Геодезия и аэрофотосъемка . 2014. № 3 . С. 41-46.,Известия высших учебных заведений. Геодезия и аэрофотосъемка,https://elibrary.ru/contents.asp?id=33969545,№ 3,https://elibrary.ru/contents.asp?id=33969545&selid=21701279
707733,22477695,https://elibrary.ru/item.asp?id=22477695,КАРТОГРАФИРОВАНИЕ В МНОГОПОЛЬЗОВАТЕЛЬСКОМ РЕЖИМЕ ЧРЕЗВЫЧАЙНЫХ СИТУАЦИЙ,"Зятькова Л.К., Кнауб А.А., Колесников А.А., Комиссарова Е.В.",200. Известия высших учебных заведений. Геодезия и аэрофотосъемка . 2014. № S4 . С. 108-111.,Известия высших учебных заведений. Геодезия и аэрофотосъемка,https://elibrary.ru/contents.asp?id=34033689,№ S4,https://elibrary.ru/contents.asp?id=34033689&selid=22477695
707733,22477691,https://elibrary.ru/item.asp?id=22477691,"АНИМАЦИОННАЯ КАРТОГРАФИЯ - СУЩНОСТЬ, ХАРАКТЕРИСТИКИ И ПЕРСПЕКТИВЫ","Лисицкий Д.В., Хорошилов В.С., Колесников А.А.",201. Известия высших учебных заведений. Геодезия и аэрофотосъемка . 2014. № S4 . С. 91-97.,Известия высших учебных заведений. Геодезия и аэрофотосъемка,https://elibrary.ru/contents.asp?id=34033689,№ S4,https://elibrary.ru/contents.asp?id=34033689&selid=22477691
707733,21427035,https://elibrary.ru/item.asp?id=21427035,КОНЦЕПЦИЯ СОЗДАНИЯ КАРТОГРАФО-ИНФОРМАЦИОННОЙ СИСТЕМЫ ДЛЯ МОНИТОРИНГА И УПРАВЛЕНИЯ ЧРЕЗВЫЧАЙНЫМИ СИТУАЦИЯМИ,"Лисицкий Д.В., Колесников А.А., Комиссарова Е.В.",202. Интерэкспо Гео-Сибирь . 2014. Т. 7. С. 18-24.,Интерэкспо Гео-Сибирь,https://elibrary.ru/contents.asp?id=33954755,,
707733,23560559,https://elibrary.ru/item.asp?id=23560559,НОВЫЙ ВИД УЧЕБНОГО КАРТОГРАФИЧЕСКОГО ПРОИЗВЕДЕНИЯ ДЛЯ ИННОВАЦИОННЫХ МЕТОДОВ ОБУЧЕНИЯ В ВЫСШЕЙ ШКОЛЕ,"Молокина Т.С., Колесников А.А., Комиссарова Е.В., Ракунов В.А.",203. Актуальные вопросы образования . 2014. № 1 . С. 145-149.,Актуальные вопросы образования,https://elibrary.ru/contents.asp?id=34074870,№ 1,https://elibrary.ru/contents.asp?id=34074870&selid=23560559
707733,23560534,https://elibrary.ru/item.asp?id=23560534,"МУЛЬТИМЕДИЙНОЕ НАПРАВЛЕНИЕ В НАУЧНО-ИССЛЕДОВАТЕЛЬСКОЙ ДЕЯТЕЛЬНОСТИ ЛАБОРАТОРИИ ""ГЕОИНФОРМАЦИОННОЕ КАРТОГРАФИРОВАНИЕ""","Лисицкий Д.В., Колесников А.А., Комиссарова Е.В.",204. Актуальные вопросы образования . 2014. № 1 . С. 42-46.,Актуальные вопросы образования,https://elibrary.ru/contents.asp?id=34074870,№ 1,https://elibrary.ru/contents.asp?id=34074870&selid=23560534
707733,22336390,https://elibrary.ru/item.asp?id=22336390,РАЗРАБОТКА МЕТОДИКИ СОЗДАНИЯ И ИСПОЛЬЗОВАНИЯ МУЛЬТИМЕДИЙНЫХ КАРТОГРАФИЧЕСКИХ ПРОИЗВЕДЕНИЙ,Колесников А.А.,"205. диссертация на соискание ученой степени кандидата технических наук / Сибирская государственная геодезическая академия. Новосибирск, 2013",,,,
707733,30378240,https://elibrary.ru/item.asp?id=30378240,РАЗРАБОТКА МЕТОДИКИ СОЗДАНИЯ И ИСПОЛЬЗОВАНИЯ МУЛЬТИМЕДИЙНЫХ КАРТОГРАФИЧЕСКИХ ПРОИЗВЕДЕНИЙ,Колесников А.А.,"206. автореферат диссертации на соискание ученой степени кандидата технических наук / Сиб. гос. геодез. акад.. Новосибирск, 2013",,,,
707733,19410578,https://elibrary.ru/item.asp?id=19410578,ПРИМЕНЕНИЕ WEB-ГИС И МУЛЬТИМЕДИЙНЫХ ТЕХНОЛОГИЙ ДЛЯ КАРТОГРАФИЧЕСКОГО МОДЕЛИРОВАНИЯ,"Колесников А.А., Комиссарова Е.В., Ракунов В.А.",207. Интерэкспо Гео-Сибирь . 2013. Т. 1. № 2 . С. 96-101.,Интерэкспо Гео-Сибирь,https://elibrary.ru/contents.asp?id=33835728,№ 2,https://elibrary.ru/contents.asp?id=33835728&selid=19410578
707733,19411156,https://elibrary.ru/item.asp?id=19411156,ВОЗМОЖНОСТИ МУЛЬТИМЕДИЙНОЙ ГЕОВИЗУАЛИЗАЦИИ В ПРОЦЕССЕ УПРАВЛЕНИЯ ЧРЕЗВЫЧАЙНЫМИ СИТУАЦИЯМИ,"Кацко С.Ю., Колесников А.А.",208. Интерэкспо Гео-Сибирь . 2013. Т. 7. С. 98-101.,Интерэкспо Гео-Сибирь,https://elibrary.ru/contents.asp?id=33835744,,
707733,20655675,https://elibrary.ru/item.asp?id=20655675,ВОЗМОЖНОСТИ МУЛЬТИМЕДИЙНОЙ ГЕОВИЗУАЛИЗАЦИИ В ПРОЦЕССЕ УПРАВЛЕНИЯ ЧРЕЗВЫЧАЙНЫМИ СИТУАЦИЯМИ,"Кацко С.Ю., Колесников А.А.",209. Сиббезопасность-Спассиб . 2013. № 1 . С. 77-80.,Сиббезопасность-Спассиб,https://elibrary.ru/contents.asp?id=33898738,№ 1,https://elibrary.ru/contents.asp?id=33898738&selid=20655675
707733,24356407,https://elibrary.ru/item.asp?id=24356407,ЭФФЕКТЫ АНИМАЦИИ В ПОЛЬЗОВАТЕЛЬСКИХ ИНТЕРФЕЙСАХ С ПОЗИЦИЙ КАРТОГРАФИИ,"Хорошилов В.С., Комиссарова Е.В., Колесников А.А.",210. Известия высших учебных заведений. Геодезия и аэрофотосъемка . 2012. № 2-1 . С. 113-115.,Известия высших учебных заведений. Геодезия и аэрофотосъемка,https://elibrary.ru/contents.asp?id=34115987,№ 2-1,https://elibrary.ru/contents.asp?id=34115987&selid=24356407
707733,24356402,https://elibrary.ru/item.asp?id=24356402,СОВРЕМЕННЫЕ WEB-ТЕХНОЛОГИИ ДЛЯ СОЗДАНИЯ ИНТЕРАКТИВНЫХ МУЛЬТИМЕДИЙНЫХ КАРТОГРАФИЧЕСКИХ ПРОИЗВЕДЕНИЙ,"Зятькова Л.К., Комиссарова Е.В., Колесников А.А.",211. Известия высших учебных заведений. Геодезия и аэрофотосъемка . 2012. № 2-1 . С. 95-98.,Известия высших учебных заведений. Геодезия и аэрофотосъемка,https://elibrary.ru/contents.asp?id=34115987,№ 2-1,https://elibrary.ru/contents.asp?id=34115987&selid=24356402
707733,24356367,https://elibrary.ru/item.asp?id=24356367,ФОРМАЛИЗАЦИЯ ПРОЦЕССОВ ФОРМИРОВАНИЯ МУЛЬТИМЕДИЙНЫХ ПРОДУКТОВ В ИНСТРУМЕНТАЛЬНОЙ СПРАВОЧНО-АНАЛИТИЧЕСКОЙ ГИС,"Лисицкий Д.В., Утробина Е.С., Колесников А.А., Комиссарова Е.В.",212. Известия высших учебных заведений. Геодезия и аэрофотосъемка . 2012. № 3 . С. 93-99.,Известия высших учебных заведений. Геодезия и аэрофотосъемка,https://elibrary.ru/contents.asp?id=34115986,№ 3,https://elibrary.ru/contents.asp?id=34115986&selid=24356367
707733,17936618,https://elibrary.ru/item.asp?id=17936618,ОСОБЕННОСТИ ПРИМЕНЕНИЯ ЭФФЕКТОВ АНИМАЦИИ В ПОЛЬЗОВАТЕЛЬСКИХ ИНТЕРФЕЙСАХ С ПОЗИЦИЙ КАРТОГРАФИИ,Колесников А.А.,213. Интерэкспо Гео-Сибирь . 2012. Т. 1. № 1-2 . С. 90-93.,Интерэкспо Гео-Сибирь,https://elibrary.ru/contents.asp?id=33746707,№ 1-2,https://elibrary.ru/contents.asp?id=33746707&selid=17936618
707733,17965037,https://elibrary.ru/item.asp?id=17965037,КОНЦЕПЦИЯ МОДЕРНИЗАЦИИ ДИЗАЙНА ДЛЯ МУЛЬТИМЕДИЙНОГО КАРТОГРАФИРОВАНИЯ ИСТОРИЧЕСКИХ СОБЫТИЙ И ПРОЦЕССОВ В РОССИИ,"Колесников А.А., Сизикова Т.С., Ракунов В.А., Комиссарова Е.В.",214. Интерэкспо Гео-Сибирь . 2012. Т. 1. № 6 . С. 60-64.,Интерэкспо Гео-Сибирь,https://elibrary.ru/contents.asp?id=33747852,№ 6,https://elibrary.ru/contents.asp?id=33747852&selid=17965037
707733,17920833,https://elibrary.ru/item.asp?id=17920833,ПРОЕКТИРОВАНИЕ ИНТЕРФЕЙСА МУЛЬТИМЕДИЙНОГО БЛОКА ИНСТРУМЕНТАЛЬНОЙ СПРАВОЧНО-АНАЛИТИЧЕСКОЙ ГИС,"Лисицкий Д.В., Утробина Е.С., Колесников А.А., Комиссарова Е.В.",216. Гео-Сибирь . 2011. Т. 1. № 1 . С. 205-210.,Гео-Сибирь,https://elibrary.ru/contents.asp?id=33746165,№ 1,https://elibrary.ru/contents.asp?id=33746165&selid=17920833
707733,17925803,https://elibrary.ru/item.asp?id=17925803,СУЩНОСТЬ МУЛЬТИМЕДИЙНОЙ КАРТОГРАФИИ,"Лисицкий Д.В., Комиссарова Е.В., Утробина Е.С., Колесников А.А., Сизикова Т.С.",217. Гео-Сибирь . 2011. Т. 1. № 2 . С. 31-36.,Гео-Сибирь,https://elibrary.ru/contents.asp?id=33746352,№ 2,https://elibrary.ru/contents.asp?id=33746352&selid=17925803
707733,17925804,https://elibrary.ru/item.asp?id=17925804,"МЕТОДИКА ПОДГОТОВКИ КАРТОГРАФИЧЕСКИХ МАТЕРИАЛОВ ДЛЯ ИСПОЛЬЗОВАНИЯ В МУЛЬТИМЕДИЙНЫХ ПРИЛОЖЕНИЯХ, ОРИЕНТИРОВАННЫХ НА ОТОБРАЖЕНИЕ ДИНАМИКИ ИСТОРИЧЕСКИХ СОБЫТИЙ","Лисицкий Д.В., Колоткин М.Н., Комиссарова Е.В., Ракунов В.А., Колесников А.А., Сизикова Т.С.",218. Гео-Сибирь . 2011. Т. 1. № 2 . С. 37-40.,Гео-Сибирь,https://elibrary.ru/contents.asp?id=33746352,№ 2,https://elibrary.ru/contents.asp?id=33746352&selid=17925804
707733,17925805,https://elibrary.ru/item.asp?id=17925805,ОБЩИЕ ТЕХНОЛОГИЧЕСКИЕ СХЕМЫ СОЗДАНИЯ ГЕОГРАФИЧЕСКОГО МУЛЬТИМЕДИЙНОГО АТЛАСА И ГЕОГРАФИЧЕСКОЙ МУЛЬТИМЕДИЙНОЙ КАРТЫ,"Лисицкий Д.В., Комиссарова Е.В., Утробина Е.С., Колесников А.А., Сизикова Т.С.",219. Гео-Сибирь . 2011. Т. 1. № 2 . С. 41-44.,Гео-Сибирь,https://elibrary.ru/contents.asp?id=33746352,№ 2,https://elibrary.ru/contents.asp?id=33746352&selid=17925805
707733,18075773,https://elibrary.ru/item.asp?id=18075773,ГЕОИНФОРМАЦИЯ В КРИЗИСНОМ МЕНЕДЖМЕНТЕ,"Лисицкий Д.В., Кацко С.Ю., Колесников А.А., Бугаков П.Ю.",220. Гео-Сибирь . 2010. Т. 1. № 3 . С. 195-199.,Гео-Сибирь,https://elibrary.ru/contents.asp?id=33759806,№ 3,https://elibrary.ru/contents.asp?id=33759806&selid=18075773
707733,18085626,https://elibrary.ru/item.asp?id=18085626,РАЗРАБОТКА ТЕХНОЛОГИИ СОЗДАНИЯ СЕРИИ КАРТ ДЛЯ ГЕОПОРТАЛА,"Лисицкий Д.В., Комиссарова Е.В., Утробина Е.С., Колесников А.А., Бугаков П.Ю., Надыров И.О.",221. Гео-Сибирь . 2009. Т. 1. № 2 . С. 132-135.,Гео-Сибирь,https://elibrary.ru/contents.asp?id=33760177,№ 2,https://elibrary.ru/contents.asp?id=33760177&selid=18085626
707733,18101414,https://elibrary.ru/item.asp?id=18101414,ТЕХНОЛОГИИ И ИНСТРУМЕНТАЛЬНЫЕ СРЕДСТВА ДЛЯ ПРЕДСТАВЛЕНИЯ МУЛЬТИМЕДИЙНЫХ КАРТ И АТЛАСОВ,Колесников А.А.,222. Гео-Сибирь . 2008. Т. 1. № 2 . С. 137-140.,Гео-Сибирь,https://elibrary.ru/contents.asp?id=33761428,№ 2,https://elibrary.ru/contents.asp?id=33761428&selid=18101414
707733,18101417,https://elibrary.ru/item.asp?id=18101417,ОБОСНОВАНИЕ КАРТОГРАФИЧЕСКОЙ СИСТЕМЫ ИНТЕГРАЦИИ ДВУХ- И ТРЕХМЕРНЫХ ЭЛЕКТРОННЫХ КАРТ (МОДЕЛЕЙ),"Утробина Е.С., Писарев В.С., Колесников А.А., Краснолуцкий А.С.",223. Гео-Сибирь . 2008. Т. 1. № 2 . С. 147-151.,Гео-Сибирь,https://elibrary.ru/contents.asp?id=33761428,№ 2,https://elibrary.ru/contents.asp?id=33761428&selid=18101417
707733,18101431,https://elibrary.ru/item.asp?id=18101431,ПРИМЕНЕНИЕ РАЗЛИЧНЫХ ТИПОВ АНИМАЦИЙ ДЛЯ ГЕОИНФОРМАЦИОННОГО КАРТОГРАФИРОВАНИЯ,"Колесников А.А., Надыров И.О.",224. Гео-Сибирь . 2008. Т. 1. № 2 . С. 222-225.,Гео-Сибирь,https://elibrary.ru/contents.asp?id=33761428,№ 2,https://elibrary.ru/contents.asp?id=33761428&selid=18101431
707733,18103712,https://elibrary.ru/item.asp?id=18103712,ЭВОЛЮЦИЯ ИСТОРИКО-КАРТОГРАФИЧЕСКОГО МЕТОДА ИССЛЕДОВАНИЯ ИСТОРИЧЕСКИХ ПРОЦЕССОВ В СВЯЗИ С ПРИМЕНЕНИЕМ МУЛЬТИМЕДИЙНЫХ МЕТОДОВ,"Лисицкий Д.В., Колоткин М.Н., Комиссарова Е.В., Ракунов В.А., Колесников А.А., Фишер А.В.",225. Гео-Сибирь . 2008. Т. 3. № 1 . С. 118-121.,Гео-Сибирь,https://elibrary.ru/contents.asp?id=33761536,№ 1,https://elibrary.ru/contents.asp?id=33761536&selid=18103712
